Country,City,Line,Phase,Start year,End year,RR?,Length,TunnelPer,Tunnel,Elevated,Atgrade,Stations,Platform Length (Meters),Source1,Cost,Currency,Year,PPP rate,Real cost,Cost/km (Millions),Inflation Index,Real cost (2025 dollars),Cost/km (2025 dollars),Source2,Reference,,,,
TR,Istanbul,M4,M4 Phase 3,2015,2022,0,7.5,100.00%,7.5,0,0,4,180,Plan,170,EUR,2018,3,510,68.0,1.275269108,650.4,86.7,Plan,https://www.metro.istanbul/Hatlarimiz/ProjeHalindekiHatlar?projeInsaat=0&q=36,,,,
CA,Vancouver,Millennium,Broadway,2020,2025,0,5.7,87.72%,5,0.295,0.446,6,,Plan,"2,830",CAD,2018,0.84,2377.2,417.1,1.275269108,"3,031.6",531.9,Media,https://www.translink.ca/Plans-and-Projects/Rapid-Transit-Projects/Broadway-Subway-Project.aspx,,,,
CA,Toronto,YUS,Vaughan,2009,2017,0,8.6,100.00%,8.6,0,0,6,,Media,"3,200",CAD,2013,0.81,2592,301.4,1.374627077,"3,563.0",414.3,Media,https://www.thestar.com/news/gta/transportation/2017/12/15/trudeau-wynne-tory-on-hand-to-cut-ribbon-on-32-billion-subway-extension.html,,,,
CA,Toronto,Scarborough,Scarborough,2020,2030,0,7.8,100.00%,7.8,0,0,3,,Wiki,"5,500",CAD,2018,0.84,4620,592.3,1.275269108,"5,891.7",755.4,Media,https://urbantoronto.ca/news/2020/03/metrolinxs-preliminary-business-case-scarborough-subway-extension-raises-questions,,,,
CA,Toronto,Ontario,Ontario,2022,2031,0,15.5,57.00%,8.8,5.76,1.06,15,,Plan,"27,200",CAD,2023,0.84,22848,1474.1,1.050957985,"24,012.3","1,549.2",Plan,https://globalnews.ca/news/10579363/ontario-line-cost-increase/,,,,
CA,Toronto,YUS,Yonge to Richmond Hill,2020,2030,0,7.4,100.00%,7.4,0,0,6,,Plan,"5,600",CAD,2020,0.84,4704,635.7,1.237308306,"5,820.3",786.5,Media,https://www.thestar.com/news/gta/2020/06/24/metrolinx-considering-a-route-for-the-yonge-subway-extension-to-richmond-hill-that-would-take-it-above-ground.html,,,,
NL,Amsterdam,Amsterdam North South,Amsterdam North South,2003,2018,0,9.7,73.00%,7.1,0,0,8,,Wiki,"3,100",EUR,2009,1.3,4030,415.5,1.492651617,"6,015.4",620.1,Media,https://www.at5.nl/artikelen/184604/zaterdag-noordzuidlijn-eindelijk-open-de-opvallendste-feiten,,,,
CA,Montreal,Blue Line,,2020,2026,0,5.8,100.00%,5.8,0,0,5,,Media,"4,500",CAD,2018,0.84,3780,651.7,1.275269108,"4,820.5",831.1,Media,https://montrealgazette.com/news/local-news/montreal-metro-green-light-for-blue-line-extension,,,,
US,Seattle,U-Link,U-Link,2009,2016,0,5.1,100.00%,5.1,0,0,2,,Media,"1,756",USD,2012,1,1756,344.3,1.394762058,"2,449.2",480.2,Plan,https://www.soundtransit.org/sites/default/files/documents/2018-q3-link-light-rail_0.pdf,,,,
US,Los Angeles,Purple Line,Purple Phase 3,2020,2027,0,4.2,100.00%,4.2,0,0,2,,Media,"3,600",USD,2023,1,3600,857.1,1.050957985,"3,783.4",900.8,Media,https://la.streetsblog.org/2020/03/24/metro-signs-1-3-billion-full-funding-grant-agreement-for-westside-subway-phase-3/,,,,
US,Los Angeles,Purple Line,Purple Phase 2,2018,2026,0,4.2,100.00%,4.2,0,0,2,,Trade,"2,400",USD,2021,1,2400,571.4,1.181787652,"2,836.3",675.3,Trade,https://www.railjournal.com/in_depth/transit-projects-fly-in-the-city-of-angels,,,,
US,Los Angeles,Purple Line,Purple Phase 1,2014,2024,0,6.3,100.00%,6.3,0,0,3,,Media,"2,800",USD,2018,1,2800,444.4,1.275269108,"3,570.8",566.8,Media,https://la.streetsblog.org/2018/04/25/metro-celebrates-purple-line-extension-1-tunnel-machines-set-to-start-in-august/,,,,
US,Los Angeles,Regional Connector,Regional Connector,2014,2022,0,3.1,100.00%,3.1,0,0,3,,Plan,"1,756",USD,2018,1,1756,566.5,1.275269108,"2,239.4",722.4,Plan,https://www.metro.net/projects/connector/,,,,
US,San Francisco,Central Subway,Central Subway,2010,2021,0,2.7,100.00%,2.7,0,0,4,,Media,"1,670",USD,2014,1,1670,618.5,1.352684002,"2,259.0",836.7,Media,https://www.sfchronicle.com/bayarea/article/Central-Subway-tab-likely-to-grow-by-55M-as-14447857.php,,,,
US,Boston,Green Line,Green Line Extension,2013,2022,0,7.6,0.00%,0,0.78,6.82,7,,Plan,"2,289",USD,2020,1,2289,301.2,1.237308306,"2,832.2",372.7,Plan,https://www.ctps.org/data/pdf/plans/TIP/FFYs-2020-2024-Final-TIP-20190730.pdf,,,,
CA,Ottawa,Confederation,Confederation,2013,2019,0,12.5,20.00%,2.5,0.84,9.16,13,,Trade,"2,100",CAD,2016,0.83,1743,139.4,1.334248584,"2,325.6",186.0,Trade,https://www.aecom.com/projects/ottawa-light-rail/,,,,
US,San Francisco,BART to San Jose,BART to San Jose,2024,2036,0,9.6,83.00%,8,0,0,4,,Plan,"12,200",USD,2030,1,12200,1270.8,1,"12,200.0","1,270.8",Media,https://www.mercurynews.com/2024/03/11/san-jose-bart-extension-price-tag-balloons-once-again-this-time-by-600-million/,,,,
BG,Sofia,Line 1,Line 1 northern,2009,cond ,0,5.1,60.00%,3.1,0,0,4,,Measured,407,BGN,2010,1.69,687.83,134.9,1.468563121,"1,010.1",198.1,Media,https://www.novinite.com/articles/167648/Subway+Trains+to+Sofia+Airport+Start+Running+at+1+pm+on+April+2,,,,
BG,Sofia,Line 1,Line 1 southern,2013,2015,0,3,100.00%,3,0,0,3,,Media,44,EUR,2014,3.32,146.08,48.7,1.352684002,197.6,65.9,Media,https://www.novinite.com/articles/168384/Subway+Extension+to+Business+Park+Sofia+Opens,,,,
BG,Sofia,Line 2,Line 2,2008,2012,0,17,90.00%,15.3,0,0,11,,Trade,952,EUR,2010,3.32,3160.64,185.9,1.468563121,"4,641.6",273.0,Trade,https://www.railway-technology.com/uncategorised/newsbulgaria-opens-sofia-metro-line-2/,,,,
BG,Sofia,Line 2,Line 2 extension,2012,2016,0,1.3,100.00%,1.3,0,0,1,,Media,21,EUR,2014,3.32,69.72,53.6,1.352684002,94.3,72.5,Media,https://seenews.com/news/sofia-subway-launches-13-km-section-with-one-station-533330,,,,
BG,Sofia,Line 3,Line 3,2016,2021,0,12,100.00%,12,0,0,12,,Plan,500,EUR,2018,3.32,1660,138.3,1.275269108,"2,116.9",176.4,Plan,https://europa.eu/investeu/projects/sofia-metro-line-3_en,,,,
BG,Sofia,Line 3,Line 3 extension (Third Stage),2021,,0,3.1,100.00%,3.1,0,0,4,,Plan,113,EUR,2021,3.32,373.5,120.5,1.181787652,441.4,142.4,Trade,https://seenews.com/news/sofia-opens-1125-mln-euro-tender-for-subway-expansion-681553,,,,
PL,Warsaw,Line 2,Line 2,2010,2015,0,6.5,100.00%,6.5,0,0,7,,Trade,5900,PLN,2012,0.557,3286.3,505.6,1.394762058,"4,583.6",705.2,Trade,https://www.railwaygazette.com/news/single-view/view/warszawa-opens-second-metro-line.html,,,,
PL,Warsaw,Line 2,Line 2 extension to Trocka,2015,2019,0,3.1,100.00%,3.1,0,0,3,,Trade,"1,070",PLN,2017,0.576,616.32,198.8,1.306417265,805.2,259.7,Trade,https://www.railjournal.com/passenger/metros/warsaw-metro-line-m2-reaches-targowek/,,,,
PL,Warsaw,Line 2,Line 2 extension to KJ,2015,2020,0,3.4,100.00%,3.4,0,0,3,,Trade,"1,148",PLN,2017,0.576,661.248,194.5,1.306417265,863.9,254.1,Trade,https://www.railwaygazette.com/metros/warszawa-metro-line-m2-goes-west/56191.article,,,,
PL,Warsaw,Line 2,Line 2 extension to Bródno,2018,2022,0,4,100.00%,4,0,0,3,,Trade,"1,400",PLN,2020,0.571,799.4,199.9,1.237308306,989.1,247.3,Trade,https://www.railwaypro.com/wp/a-single-bidder-for-warsaw-metro-line-2-extension/,,,,
RO,Bucharest,Line 5,Line 5,2014,2019,0,6.9,100.00%,6.9,0,0,10,,Plan,"3,122",RON,2016,0.596,1860.712,269.7,1.334248584,"2,482.7",359.8,Plan,http://www.metrorex.ro/Resurse/RaportActivitate/Metrorex%20eng%202018.pdf,,,,
RU,Moscow,Line 11,Line 11,2017,2023,0,66.7,100.00%,66.7,0,0,31,,Media,"501,000",RUB,2018,0.04,20040,300.4,1.275269108,"25,556.4",383.2,Media,https://www.rbc.ru/politics/23/11/2017/5a16bd6a9a7947a6f487fe13,,,,
RU,Nizhniy Novgorod,Line 2,Line 2 extension,2015,2018,0,2.5,100.00%,2.5,0,0,1,,Trade,"11,000",RUB,2016,0.041,451,180.4,1.334248584,601.7,240.7,Trade,https://www.metro-report.com/analysis/single-news/view/the-winners-and-losers-of-russian-metros.html,,,,
RU,Saint Petersburg,Line 3,Line 3 extension,2014,2018,0,5,100.00%,5,0,0,2,,Trade,"37,000",RUB,2016,0.041,1517,303.4,1.334248584,"2,024.1",404.8,Trade,https://www.metro-report.com/analysis/single-news/view/the-winners-and-losers-of-russian-metros.html,,,,
RU,Saint Petersburg,Line 5,Line 5 extension,2013,2019,0,6.4,97.00%,6.2,0,0,3,,Measured,"44,600",RUB,2016,0.041,1828.6,285.7,1.334248584,"2,439.8",381.2,Media,http://krti.gov.spb.ru/press/news/52016/?category=17,,,,
RU,Moscow,Line 1,Line 1 extension,2016,2019,0,11.6,14.00%,1.6,0.14,9.836,4,,Wiki,"41,033",RUB,2018,0.04,1641.31476,141.5,1.275269108,"2,093.1",180.4,Plan,https://zakupki.gov.ru/epz/order/notice/oku44/view/supplier-results.html?regNumber=0173200001418000217,,,,
CZ,Prague,Line A,Line A extension,2010,2015,0,6.1,97.00%,5.9,0,0.2,4,,Wiki,"20,200",CZK,2012,0.0752,1519.04,249.0,1.394762058,"2,118.7",347.3,Trade,https://www.railjournal.com/passenger/metros/prague-opens-metro-line-a-western-extension/,,,,
HU,Budapest,Line 4,Line 4,2006,2014,0,7.4,100.00%,7.4,0,0,10,,Trade,"452,000",HUF,2010,0.00792,3579.84,483.8,1.468563121,"5,257.2",710.4,Plan,https://www.europarl.europa.eu/doceo/document//P-8-2017-000299_EN.html,,,,
FR,Toulouse,Line 3,Line 3,2021,2025,0,27,60.00%,16.2,0,0,21,,Plan,"2,670",EUR,2016,1.3,3471,128.6,1.334248584,"4,631.2",171.5,Plan,https://www.toulousemetro3.fr/le-projet/3eme-ligne.html,,,,
IT,Turin,Line 1,Line 1 phases 1-3,2000,2011,0,13.2,100.00%,13.2,0,0,21,55,agency,"1,138",EUR,2005,1.25,1422.5,107.8,1.639677419,"2,332.4",176.7,Plan,http://www.otipiemonte.it/Pagine/Completo.asp?ID=86,,,,
IT,Turin,Line 1,Line 1 south (phase 4),2012,2021,0,1.9,100.00%,1.9,0,0,2,55,agency,189,EUR,2016,1.3,245.7,129.3,1.334248584,327.8,172.5,Plan,http://www.otipiemonte.it/Pagine/Completo.asp?ID=86,,,,
IT,Turin,Line 1,Line 1 west (phase 5),2018,2024,0,3.4,100.00%,3.4,0,0,4,55,agency,340,EUR,2020,1.3,442,130.0,1.237308306,546.9,160.9,Plan,http://www.otipiemonte.it/Pagine/Completo.asp?ID=86,,,,
FI,Helsinki,West Metro,West Metro phase 1,2009,2017,0,13.5,100.00%,13.5,0,0,8,135,Measured,"1,171",EUR,2013,1.3,1522.3,112.8,1.374627077,"2,092.6",155.0,Plan,https://www.lansimetro.fi/en/contact-information/faq/,,,,
FI,Helsinki,West Metro,West Metro phase 2,2014,2023,0,7,100.00%,7,0,0,5,90,Plan,"1,159",EUR,2018,1.35,1564.65,223.5,1.275269108,"1,995.3",285.0,Plan,https://www.lansimetro.fi/en/contact-information/faq/,,,,
FI,Helsinki,Ring Rail Line,Ring Rail Line,2009,2015,1,18,44.00%,8,0,0,5,,Plan,774,EUR,2012,1.3,1005.94,55.9,1.394762058,"1,403.0",77.9,Plan,https://vayla.fi/web/en/projects/all-projects/ring-rail-line,,,,
SE,Stockholm,Arenastaden,Arenastaden,2020,2030,0,4.1,100.00%,4.1,0,0,2,140,Plan,"5,643",SEK,2016,0.113,637.659,155.5,1.334248584,850.8,207.5,Plan,http://nyatunnelbanan.sll.se/sites/tunnelbanan/files/Faktablad_Upphandling_%20engelsk.pdf,,,,
SE,Stockholm,Nacka/Söderort,Nacka/Söderort,2020,2030,0,11.5,100.00%,11.5,0,0,6,140,Plan,"20,884",SEK,2016,0.113,2359.892,205.2,1.334248584,"3,148.7",273.8,Plan,http://nyatunnelbanan.sll.se/sites/tunnelbanan/files/Faktablad_Upphandling_%20engelsk.pdf,,,,
SE,Stockholm,Barkarby,Barkarby,2020,2026,0,3.3,100.00%,3.3,0,0,2,140,Plan,"5,286",SEK,2016,0.113,597.318,181.0,1.334248584,797.0,241.5,Plan,http://nyatunnelbanan.sll.se/sites/tunnelbanan/files/Faktablad_Upphandling_%20engelsk.pdf,,,,
SE,Stockholm,Citybanan,Citybanan,2007,2017,1,7.4,81.00%,6,0,0,2,200,Plan,"16,800",SEK,2007,0.1125,1890,255.4,1.544448303,"2,919.0",394.5,Plan,https://web.archive.org/web/20150402164159/http://www.trafikverket.se/en/startpage/Projects/Railway-construction-projects1/The-Stockholm-City-Line/,,,,
SE,Malmo,Citytunneln,Citytunneln,2005,2010,1,17,35.00%,6,0,0,3,,Trade,"8,450",SEK,2001,0.106,895.7,52.7,1.808181818,"1,619.6",95.3,Trade,http://www.tunnel-online.info/en/artikel/artikel_en_1204638.html,,,,
UK,London,Northern Line,Northern Line Extension,2015,2021,0,3.2,100.00%,3.2,0,0,2,,Media,"1,200",GBP,2017,1.47,1764,551.3,1.306417265,"2,304.5",720.2,Media,http://www.cityam.com/257486/full-steam-ahead-tunnelling-12bn-northern-line-extension,,,,
MX,Mexico City,Line 12,Line 12,2008,2012,0,24.5,43.00%,10.5,12.57,1.395,20,,Wiki,"47,906",MXN,2010,0.13,6227.78,254.2,1.468563121,"9,145.9",373.3,Media,http://www.elfinanciero.com.mx/nacional/linea-12-costara-mas-que-el-tren-mexico-queretaro,,,,
TW,Taipei,Wanda Line,Wanda Line Phase 2,2021,2028,0,13.3,21.05%,2.8,0,0,13,,Media,"55,530",TWD,2018,0.068,3776.04,283.9,1.275269108,"4,815.5",362.1,Media,http://www.taipeitimes.com/News/taiwan/archives/2018/05/03/2003692436,,,,
IT,Milan,M5,M5 phase 1,2007,2013,0,6.1,100.00%,6.1,0,0,9,50,agency,508,EUR,2010,1.3,660.4,108.3,1.468563121,969.8,159.0,Trade,http://www.expofairs.com/pianeta-costruzioni/001/pagina_017.pdf,,,,
IT,Milan,M5,M5 phase 2,2010,2015,0,6.5,100.00%,6.5,0,0,10,50,agency,751,EUR,2012,1.3,976.3,150.2,1.394762058,"1,361.7",209.5,Plan,https://web.archive.org/web/20140508030702/http://cantieri.mit.gov.it/Lists/Scheda%20Tecnica/DispForm.aspx?ID=69&Source=http%3A%2F%2Fcantieri%2Emit%2Egov%2Eit%2FPagine%2FLombardia%2Easpx&ContentTypeId=0x01005F85B0B356E4DE4EBCF0C8A435933BF500F5F261BE3F32F347B9117D7DBB5780B0,,,,
IT,Milan,Line 4,Line 4,2015,2024,0,15.2,100.00%,15.2,0,0,21,50,Wiki,"1,697",EUR,2019,1.3,2205.71,145.1,1.252572783,"2,762.8",181.8,Plan,https://www.metro4milano.it/wordpress/wp-content/uploads/2020/04/Quadro-Economico-_-Atto-Integrativo-n.1-alla-Convenzione-di-concessione_-allegato-13.pdf,,,,
FR,Paris,Grand Paris Express,Grand Paris Express,2017,2030,0,200,80.00%,160,0,0,68,,Wiki,"36,100",EUR,2012,1.3,46930,234.7,1.394762058,"65,456.2",327.3,Plan,https://www.gpmetropole-infos.fr/le-cout-du-grand-paris-express-revu-a-la-hausse/,,,,
IT,Milan,Passante Railway,Tunnel Section,1984,2004,1,7.8,90.00%,7.8,0.02,5.18,10,250,Wiki,915,EUR,1996,1.3,1189.5,152.5,2.040975143,"2,427.7",311.2,Media,https://www.milanolife.it/la-quinta-linea-il-passante-ferroviario-di-milano/,,,,
VN,Hanoi,Line 3,Line 3,2010,2013,0,12.5,32.00%,4,8.5,0,12,,Media,"36,000,000",VND,2016,0.000126,4536,362.9,1.334248584,"6,052.2",484.2,Media,https://vnexpress.net/thoi-su/thanh-tra-chi-ra-nhieu-vi-pham-tai-du-an-metro-1-7-ty-usd-o-ha-noi-3777287.html,,,,
VN,Hanoi,Line 2,Line 2,2011,2020,0,11.5,74.00%,8.5,2.99,0,12,,Media,"19,555,000",VND,2015,0.000126,2463.93,214.3,1.351080302,"3,329.0",289.5,Media,http://saigondautu.com.vn/chu-diem-su-kien/5-du-an-doi-von-khung-61311.html,,,,
KR,Seoul,Sinbundang,Sinbundang Phase 1,2005,2011,0,17.3,100.00%,17.3,0,0,6,200,Wiki,"1,169,000",KRW,2002,0.0013,1519.7,87.8,1.780038911,"2,705.1",156.4,Trade,https://books.google.de/books?id=B3-SBgAAQBAJ&pg=PA44&lpg=PA44&dq=shinbundang+line+construction+cost+11690&source=bl&ots=_CTZGAt6MP&sig=ACfU3U0qGvuRqbqwA60o8fLQNSdXTt8BlQ&hl=en&sa=X&ved=2ahUKEwi847D6oPPqAhXLqqQKHf_ZB1MQ6AEwEHoECAsQAQ#v=onepage&q=shinbundang%20line%20construction%20cost%2011690&f=false,,,,
KR,Seoul,Sinbundang,Sinbundang Phase 2,2011,2018,0,12.8,100.00%,12.8,0,0,7,200,Media,"1,025,500",KRW,2006,0.0013,1333.15,104.2,1.5884375,"2,117.6",165.4,Plan,https://shinbundang.co.kr/eng/index.jsp?pageID=/eng/intro/intro2_6.jsp&open_main=4&open_sub1=1&open_sub2=6,,,,
MX,Guadalajara,Line 3,Line 3,2014,2020,0,21.5,25.00%,5.4,14.595,1.53,18,,Trade,"31,500",MXN,2017,0.106,3339,155.3,1.306417265,"4,362.1",202.9,Media,https://www.eleconomista.com.mx/estados/Linea-3-arriba-78-de-su-costo-20200121-0023.html,,,,
DE,Leipzig,City Tunnel,City Tunnel,2003,2013,1,3.6,100.00%,3.6,0,0,4,,Wiki,960,EUR,2008,1.3,1248,346.7,1.487341096,"1,856.2",515.6,Plan,http://dip21.bundestag.de/dip21/btd/17/029/1702939.pdf,,,,
IT,Rome,Line B1,Line B1 extension,2005,2015,0,4.7,100.00%,4.7,0,0,3,150,agency,761,EUR,2012,1.3,989.3,210.5,1.394762058,"1,379.8",293.6,Plan,https://www.comune.roma.it/PCR/resources/cms/documents/B1schedaillustrativaintervento.pdf,,,,
IT,Rome,Line C,Line C - section T6a,2007,2013,0,2.8,100.00%,2.8,0,0,4,,Plan,399,EUR,2010,1.3,518.7,185.3,1.468563121,761.7,272.1,Plan,https://metrocspa.it/cms/wp-content/uploads/2016/12/2-Q.E.G.-12-set-2013.pdf,,,,
IT,Rome,Line C,Line C - section T4-5,2007,2013,0,7.6,100.00%,7.6,0,0,9,110,agency,"1,206",EUR,2010,1.3,1567.8,206.3,1.468563121,"2,302.4",302.9,Plan,https://metrocspa.it/cms/wp-content/uploads/2016/12/2-Q.E.G.-12-set-2013.pdf,,,,
IT,Rome,Line C,Line C - section T3,2013,2023,0,2.7,100.00%,2.7,0,0,2,110,Plan,861,EUR,2018,1.3,1119.3,414.6,1.275269108,"1,427.4",528.7,Plan,https://metrocspa.it/cms/wp-content/uploads/2016/12/2-Q.E.G.-12-set-2013.pdf,,,,
DE,Berlin,U55,U55,2004,2009,0,1.8,100.00%,1.8,0,0,3,100,Plan,320,EUR,2006,1.3,416,231.1,1.5884375,660.8,367.1,Plan,https://www.das-parlament.de/2019/31_32/kehrseite/652908-652908,,,,
DE,Berlin,U5-U55 connection,U5-U55 connection,2010,2020,0,2.2,100.00%,2.2,0,0,3,100,Plan,525,EUR,2015,1.3,682.5,310.2,1.351080302,922.1,419.1,Plan,https://www.projekt-u5.de/de/die-neue-u5/,,,,
BE,Brussels,Line 3,Line 3,2020,2028,0,4.8,100.00%,4.8,0,0,7,,Plan,"2,600",EUR,2024,1.3,3380,704.2,1.020848675,"3,450.5",718.8,Plan,https://www.thebulletin.be/brussels-metro-line-3-project-could-be-delayed-or-suspended,,,,
DK,Copenhagen,City Circle Line,City Circle Line,2009,2019,0,15.5,100.00%,15.5,0,0,17,,Media,"25,300",DKK,2014,0.138,3491.4,225.3,1.352684002,"4,722.8",304.7,Media,https://www.thelocal.dk/20190930/in-pictures-copenhagens-new-city-ring-metro-line,,,,
NO,Oslo,Løren Line,Løren Line,2013,2016,0,1.6,100.00%,1.6,0,0,1,,Trade,"1,330",NOK,2014,0.107,142.31,88.9,1.352684002,192.5,120.3,Trade,https://www.railwaygazette.com/l%C3%B8renbanen-opens-in-oslo/42312.article,,,,
NO,Oslo,Fornebu Line,Fornebu Line,2020,2029,0,8.2,100.00%,8.2,0,0,6,,Plan,"26,400",NOK,2021,0.103,2719.2,331.6,1.181787652,"3,213.5",391.9,Media,https://www.nrk.no/osloogviken/fornebubanen-er-vedtatt-i-oslo-bystyre-1.16010843,,,,
AU,Sydney,Metro City & SW,Metro City & SW,2017,2024,0,30,51.00%,15.3,0,0,7,,Wiki,"15,500",AUD,2021,0.69,10695,356.5,1.181787652,"12,639.2",421.3,Media,https://www.abc.net.au/news/2020-02-21/nsw-government-confirms-three-billion-metro-budget-blowout/11986968,,,,
AU,Sydney,Metro NW,Metro NW,2013,2019,0,36,42.00%,15.1,0,0,13,,Wiki,"7,800",AUD,2016,0.69,5382,149.5,1.334248584,"7,180.9",199.5,Plan,https://www.transport.nsw.gov.au/news-and-events/media-releases/sydney-metro-northwest-under-budget,,,,
AU,Melbourne,Metro Tunnel,Metro Tunnel,2018,2025,0,9,100.00%,9,0,0,5,,Plan,"12,584",AUD,2021,0.69,8683.236,964.8,1.181787652,"10,261.7","1,140.2",Plan,https://www.audit.vic.gov.au/report/melbourne-metro-tunnel-project-phase-2-main-works?section=,,,,
SG,Singapore,Downtown MRT Line,Downtown MRT Line,2008,2017,0,41.9,100.00%,41.9,0,0,34,,Wiki,"21,000",SGD,2012,1.18,24780,591.4,1.394762058,"34,562.2",824.9,Plan,https://www.todayonline.com/singapore/comparing-singapores-newest-and-oldest-mrt-lines,,,,
SG,Singapore,Thomson MRT Line,Thomson MRT Line,2014,2024,0,43,100.00%,43,0,0,32,,Media,"25,000",SGD,2019,1.13,28250,657.0,1.252572783,"35,385.2",822.9,Media,https://www.straitstimes.com/singapore/transport/thomson-east-coast-line-6-more-stations-from-springleaf-to-caldecott-opening,,,,
CA,Toronto,Eglinton Crosstown,Eglinton Crosstown,2011,2022,0,19,53.00%,10,0.62,8.31,25,,Plan,"5,300",CAD,2016,0.83,4399,231.5,1.334248584,"5,869.4",308.9,Trade,https://www.railwayage.com/news/eglinton-crosstown-behind-schedule/,,,,
IN,Mumbai,Monorail,Monorail,2009,2019,0,20.2,0.00%,0,0,0,17,,Plan,"30,000",INR,2014,0.054,1620,80.2,1.352684002,"2,191.3",108.5,Media,https://indianexpress.com/article/cities/mumbai/indias-first-monorail-rolls-out-in-city/,,,,
IN,Mumbai,Line 3,Line 3,2016,2022,0,33.5,100.00%,33.5,0,0,27,,Media,"320,000",INR,2019,0.047,15040,449.0,1.252572783,"18,838.7",562.3,Trade,https://housing.com/news/mumbai-metro-line-3-everything-you-need-to-know/,,,,
IN,Mumbai,Line 2,Line 2A,2016,2021,0,18.6,0.00%,0,17.48,1.12,17,,Media,"64,100",INR,2018,0.048,3076.8,165.4,1.275269108,"3,923.7",211.0,Media,https://www.freepressjournal.in/mumbai/metro-line-2a-revised-deadline-is-may-2021,,,,
IN,Mumbai,Line 2,Line 2B,2018,2023,0,23.5,0.00%,0,23.5,0,22,,Plan,"109,860",INR,2020,0.047,5163.42,219.7,1.237308306,"6,388.7",271.9,Plan,https://mmrda.maharashtra.gov.in/metro-line-2b,,,,
IN,Mumbai,Line 4,Line 4,2018,2022,0,32.3,0.00%,0,31.71,0.59,32,,Plan,"145,490",INR,2020,0.047,6838.03,211.7,1.237308306,"8,460.8",261.9,Plan,https://mmrda.maharashtra.gov.in/metro-line-4#,,,,
IN,Mumbai,Line 4,Line 4A,2019,2022,0,2.7,0.00%,0,0,0,2,,Plan,"7,860",INR,2017,0.048,377.28,139.7,1.306417265,492.9,182.6,Plan,https://mmrda.maharashtra.gov.in/documents/10180/9283015/Metro+Line+4A/da25997a-6844-4c74-b4bd-9538285c9471,,,,
IN,Mumbai,Line 5,Line 5,2017,2024,0,24.9,0.00%,0,0,0,16,,Plan,"84,165",INR,2020,0.047,3955.755,158.9,1.237308306,"4,894.5",196.6,Plan,https://mmrda.maharashtra.gov.in/metro-line-5#,,,,
IN,Mumbai,Line 6,Line 6,2017,2022,0,14.5,0.00%,0,14.5,0,13,,Wiki,"55,670",INR,2016,0.05,2783.5,192.0,1.334248584,"3,713.9",256.1,Media,https://mmrda.maharashtra.gov.in/documents/10180/9283015/Metro+Line+6/17c5ed14-e9fb-4920-9521-02eebb25c4a9,,,,
IN,Mumbai,Line 7,Line 7,2016,2021,0,16.5,0.00%,0,15.505,0.995,14,,Wiki,"62,080",INR,2018,0.048,2979.84,180.6,1.275269108,"3,800.1",230.3,Media,https://www.hindustantimes.com/mumbai-news/metro-lines-2a-7-to-be-delayed-by-3-months-mmrda-chief/story-UodpzX0AgmfV4e1OBrDxCK.html,,,,
IN,Mumbai,Line 7A + 9,Line 7A + 9,2019,2022,0,13.5,16.00%,2.2,0,0,11,,Plan,"65,180",INR,2020,0.047,3063.46,226.9,1.237308306,"3,790.4",280.8,Plan,https://mmrda.maharashtra.gov.in/metro-line-9#,,,,
IN,Mumbai,Line 10,Line 10,2020,2024,0,9.2,8.00%,0.7,0,0,4,,Plan,"38,210",INR,2018,0.048,1834.08,199.4,1.275269108,"2,338.9",254.2,Plan,https://mmrda.maharashtra.gov.in/documents/10180/9283015/Metro+Line+10/076595c3-c882-424c-b49d-f22399e9a096,,,,
IN,Mumbai,Line 11,Line 11,2020,2026,0,12.8,69.00%,8.8,0,0,10,,Plan,"70,850",INR,2018,0.048,3400.8,265.7,1.275269108,"4,336.9",338.8,Plan,https://mmrda.maharashtra.gov.in/documents/10180/9283015/Metro+Line+11/8dc85106-19e2-48a5-875e-acdb289c357d,,,,
IN,Mumbai,Line 12,Line 12,2020,2026,0,20.8,0.00%,0,0,0,17,,Plan,"47,380",INR,2018,0.048,2274.24,109.3,1.275269108,"2,900.3",139.4,Plan,https://mmrda.maharashtra.gov.in/documents/10180/9283015/Metro+Line+12/20c81fcb-0b2c-40c2-9e06-a7b4e7d46bdb,,,,
GR,Athens,Line 4,Line 4,2019,2027,0,12.8,100.00%,12.8,0,0,15,,Plan,"1,328",EUR,2023,1.3,1726.4,134.9,1.050957985,"1,814.4",141.7,Plan,https://www.ametro.gr/?p=14801&lang=en,,,,
GR,Athens,Line 3,Line 3 to Piraeus,2012,2021,0,7.6,100.00%,7.6,0,0,6,,Plan,742,EUR,2016,1.3,964.6,126.9,1.334248584,"1,287.0",169.3,Plan,https://www.ametro.gr/wp-content/uploads/2018/08/AM_Xrimatooikonomikes_katastaseis_2017.pdf,,,,
GR,Thessaloniki,Main line,Main line,2006,2020,0,9.5,100.00%,9.5,0,0,13,,Plan,"1,112",EUR,2014,1.3,1445.6,152.2,1.352684002,"1,955.4",205.8,Plan,https://omekgroup.com.gr/projects/thessaloniki-metro/,,,,
GR,Thessaloniki,Kalamaria Extension,Kalamaria Extension,2013,2021,0,4.8,100.00%,4.8,0,0,5,,Plan,567,EUR,2017,1.3,737.1,153.6,1.306417265,963.0,200.6,Plan,https://www.ametro.gr/wp-content/uploads/2018/08/AM_Xrimatooikonomikes_katastaseis_2017.pdf,,,,
KR,Busan,Line 1,Line 1 extension,2009,2017,0,8,100.00%,8,0,0,6,,Trade,"959,000",KRW,2013,0.00115,1102.85,137.9,1.374627077,"1,516.0",189.5,Trade,https://www.railwaygazette.com/asia/busan-metro-line-1-extends/44436.article,,,,
KR,Seoul,Gimpo Urban Railway,Gimpo Urban Railway,2014,2019,0,23.7,100.00%,23.7,0,0,10,,Trade,"1,655,300",KRW,2016,0.00116,1920.148,81.0,1.334248584,"2,562.0",108.1,Media,http://www.kyeonggi.com/news/articleView.html?idxno=564944,,,,
KR,Seoul,Line 7,Line 7 extension,2014,2021,0,3.9,100.00%,3.9,0,0,2,,Wiki,"432,100",KRW,2017,0.0011,475.31,121.9,1.306417265,621.0,159.2,Media,https://www.hankyung.com/society/article/2013061797248,,,,
KR,Seoul,2020s program,2020s program,2020,2028,0,71,100.00%,71,0,0,53,,Media,"7,230,200",KRW,2024,0.0011,7953.22,112.0,1.020848675,"8,119.0",114.4,Media,http://news1.kr/articles/?3552208,,,,
SG,Singapore,Circle Line,Circle Line Stage 6,2017,2025,0,4,100.00%,4,0,0,3,,Media,"4,850",SGD,2021,1.13,5480.5,1370.1,1.181787652,"6,476.8","1,619.2",Media,https://www.straitstimes.com/singapore/transport/last-stage-of-circle-line-to-cost-a-lot-more-than-first-5-stages,,,,
FR,Paris,Line 12,Line 12 to Aubervilliers,2012,2021,0,1.7,100.00%,1.7,0,0,2,,Plan,175,EUR,2006,1.25,218.875,128.8,1.5884375,347.7,204.5,Plan,https://www.prolongement-metro12.fr/faq-metro-m12/,,,,
FR,Paris,Line 1,Line 1 extension,2021,2030,0,4.9,100.00%,4.9,0,0,3,,Plan,"1,385",EUR,2017,1.3,1800.5,367.4,1.306417265,"2,352.2",480.0,Media,"https://94.citoyens.com/2020/le-prolongement-du-metro-1-a-val-de-fontenay-en-enquete-publique-fin-2021,10-12-2020.html",,,,
UK,London,Jubilee line,Jubilee line extension,1993,1999,0,16,80.00%,12.8,0,0,11,,Wiki,"3,500",GBP,1996,1.4,4900,306.3,2.040975143,"10,000.8",625.0,Media,http://news.bbc.co.uk/2/hi/uk_news/529006.stm,,,,
CL,Santiago,Line 7,Line 7,2021,2026,0,24.8,100.00%,24.8,0,0,21,,Plan,"2,900",USD,2022,1.7,4930,198.8,1.094220157,"5,394.5",217.5,Trade,https://www.railwaygazette.com/projects-and-planning/santiago-tenders-line-7-construction/56621.article,,,,
CL,Santiago,Project 63,Project 63,2013,2019,0,37,100.00%,37,0,0,28,,Plan,"3,000",USD,2016,1.7,5100,137.8,1.334248584,"6,804.7",183.9,Plan,https://www.metro.cl/files/documentos/metro-investor-201709.pdf,,,,
BR,Sao Paulo,Line 5,Line 5 extension,2010,2019,0,12,100.00%,12,0,0,11,,Wiki,"6,900",BRL,2014,0.55,3795,316.3,1.352684002,"5,133.4",427.8,Trade,https://www.bnamericas.com/en/news/brazil-metro-cost-overruns-top-us9bn1,,,,
BR,Salvador,Lines 1-2,Lines 1-2,2000,2017,0,33,4.00%,1.4,10.935,20.745,20,,Wiki,"4,800",BRL,2012,0.62,2976,90.2,1.394762058,"4,150.8",125.8,Media,http://patrocinados.estadao.com.br/ccr/salvadors-subway-becomes-a-model-of-success/,,,,
PA,Panama City,Line 1,Line 1,2010,2014,0,13.7,53.00%,7.3,4.69,1.749,12,,Wiki,"2,009",USD,2012,1.74,3495.66,255.2,1.394762058,"4,875.6",355.9,Media,http://elsiglo.com.pa/panama/justifican-costo-linea-1-metro/23828270,,,,
PA,Panama City,Line 2,Line 2,2015,2019,0,21,0.00%,0,21,0,16,,Trade,"2,130",USD,2017,2.01,4281.3,203.9,1.306417265,"5,593.2",266.3,Trade,https://www.railjournal.com/regions/central-south-america/panama-city-metro-line-2-inaugurated/,,,,
PA,Panama City,Line 3,Line 3,2020,2024,0,26.7,0.00%,0,0,0,14,,Trade,"2,507",USD,2020,2.08,5214.56,195.3,1.237308306,"6,452.0",241.6,Trade,https://www.railwaypro.com/wp/south-korean-consortium-to-build-panama-metro-line-3/,,,,
PH,Manila,Line 9,Line 9,2019,2025,0,28.3,100.00%,28.3,0,0,13,,Media,"356,960",PHP,2022,0.055,19632.8,693.7,1.094220157,"21,482.6",759.1,Media,https://rappler.com/business/construction-metro-manila-subway-begins-february-2019,,,,
PH,Manila,Line 7,Line 7,2015,2021,0,22.8,15.00%,3.4,0,0,14,,Measured,"69,300",PHP,2018,0.055,3811.5,167.2,1.275269108,"4,860.7",213.2,Trade,https://www.railwaygazette.com/news/single-view/view/manila-metro-line-7-breaks-ground.html,,,,
PH,Manila,Line 5,Line 5,2019,2025,0,11,100.00%,11,0,0,10,,Media,"2,500",USD,2022,2.66,6650,604.5,1.094220157,"7,276.6",661.5,Media,https://news.abs-cbn.com/business/multimedia/infographic/07/27/18/the-makati-subway,,,,
PH,Manila,Line 4,Line 4,2021,2025,0,15.6,0.00%,0,0,0,11,,Wiki,"59,300",PHP,2023,0.055,3261.5,209.1,1.050957985,"3,427.7",219.7,Media,https://newsinfo.inquirer.net/1211139/mrt-4-project-targeted-for-completion-in-2025,,,,
AT,Vienna,Line 2,Line 2 extension,2010,2013,0,4.2,0.00%,0,2.63,1.57,3,,Media,320,EUR,2012,1.3,416,99.0,1.394762058,580.2,138.1,Media,https://wien.orf.at/news/stories/2607445/,,,,
AT,Vienna,Line 1,Line 1 extension,2012,2017,0,4.7,57.00%,2.7,0.06,2.008,5,,Measured,600,EUR,2015,1.3,780,166.0,1.351080302,"1,053.8",224.2,Plan,https://www.wien.gv.at/stadtentwicklung/projekte/verkehrsplanung/u-bahn/u1-oberlaa.html,,,,
AT,Vienna,U2/U5 cross,U2/U5 cross,2019,2029,0,9,100.00%,9,0,0,11,,Plan,"2,200",EUR,2023,1.3,2860,317.8,1.050957985,"3,005.7",334.0,Media,https://wien.orf.at/news/stories/2940360/,,,,
IN,Kochi,Metro,Metro,2013,2017,0,13,0.00%,0,0,0,11,,Plan,"51,810",INR,2015,0.052,2694.12,207.2,1.351080302,"3,640.0",280.0,Plan,https://kochimetro.org/everything-you-need-to-know-about-the-kochi-metro/,,,,
IN,Delhi,Phase 3,Phase 3,2012,2020,0,160.6,33.00%,53,0,0,109,,Wiki,"410,790",INR,2016,0.05,20539.5,127.9,1.334248584,"27,404.8",170.6,Plan,http://www.delhimetrorail.com/funding.aspx,,,,
IN,Delhi,Phase 4,Phase 4 first half,2019,2025,0,61.7,36.00%,22.3,0,0,46,,Media,"249,487",INR,2022,0.047,11725.8655,190.0,1.094220157,"12,830.7",208.0,Media,https://housing.com/news/delhi-metro-phase-iv-finally-approved-government/,,,,
IN,Delhi,Phase 4,Phase 4 second half,2019,2025,0,42.3,35.00%,14.7,0,0,43,,Media,"215,364",INR,2022,0.047,10122.0845,239.3,1.094220157,"11,075.8",261.8,Media,https://economictimes.indiatimes.com/news/politics-and-nation/operational-loss-in-delhi-metro-phase-iv-project-to-be-borne-by-delhi-govt-sc/articleshow/71008680.cms,,,,
IR,Tehran,Line 3,Line 3 extension to SW,2012,2014,0,12,100.00%,12,0,0,11,,Trade,"20,000,000",IRR,2013,0.00012,2400,200.0,1.374627077,"3,299.1",274.9,Trade,https://www.railjournal.com/passenger/metros/tehran-opens-metro-line-3-extension/,,,,
IR,Tehran,Line 6,Line 6,,2020,0,31,100.00%,31,0,0,29,,Media,"90,000,000",IRR,2017,0.000064,5760,185.8,1.306417265,"7,525.0",242.7,Media,https://financialtribune.com/articles/auto/78612/tehran-municipality-struggling-with-subway-development-costs,,,,
IR,Tehran,Line 7,Line 7,,2019,0,27,100.00%,27,0,0,25,,Media,"90,000,000",IRR,2017,0.000064,5760,213.3,1.306417265,"7,525.0",278.7,Media,https://financialtribune.com/articles/auto/78612/tehran-municipality-struggling-with-subway-development-costs,,,,
ES,Madrid,1995-98 program,1995-98 program,1995,1998,0,56,68.00%,38,0,0,37,,Trade,"1,579",EUR,1997,1.25,1973.75,35.2,1.995196262,"3,938.0",70.3,Trade,https://tunnelbuilder.com/metrosur/edition2pdf/page2.pdf,,,,
ES,Madrid,1999-2003 program,1999-2003 program,1999,2003,0,75,77.00%,58,0,0,39,,Trade,"3,157",EUR,2001,1.25,3946.25,52.6,1.808181818,"7,135.5",95.1,Trade,https://tunnelbuilder.com/metrosur/edition2pdf/page2.pdf,,,,
PT,Lisbon,Circular line,Circular line,2021,2023,0,2,100.00%,2,0,0,2,,Media,216,EUR,2021,1.3,280.8,140.4,1.181787652,331.8,165.9,Trade,https://www.railjournal.com/passenger/metros/european-commission-approves-e83m-for-lisbon-metro-expansion/,,,,
PT,Porto,"Pink line, yellow line","Pink line, yellow line",2019,2023,0,6,47.00%,2.8,0,0,7,,Media,308,EUR,2021,1.3,400.4,66.7,1.181787652,473.2,78.9,Media,https://www.themayor.eu/en/massive-lisbon-metro-expansion-scheduled-for-2020,,,,
ES,Madrid,Eje Transversal,Eje Transversal,2020,2028,1,10.5,100.00%,10.5,0,0,4,,Measured,760,EUR,2024,1.3,988,94.1,1.020848675,"1,008.6",96.1,Plan,https://www.esmadrid.com/sites/default/files/plan_integral_cercanias_madrid_2018_2025.pdf,,,,
ES,Madrid,Line 2,Line 2 extension,2008,2011,0,4.6,100.00%,4.6,0,0,4,,Trade,315,EUR,2010,1.3,409.5,89.0,1.468563121,601.4,130.7,Trade,https://www.metro-report.com/news/metro/single-view/view/madrid-metro-line-2-extended-to-las-rosas.html?sword_list[]=madrid&no_cache=1,,,,
ES,Madrid,Line 9,Line 9 extension,2009,2015,0,3,100.00%,3,0,0,2,,Plan,191,EUR,2012,1.3,248.3,82.8,1.394762058,346.3,115.4,Plan,https://web.archive.org/web/20150328212257/https://www.metromadrid.es/en/comunicacion/prensa/2015/March/noticia09.html,,,,
EC,Quito,Metro,Metro,2012,2019,0,22.9,100.00%,22.9,0,0,15,,Wiki,"2,010",USD,2016,1.9,3819,166.8,1.334248584,"5,095.5",222.5,Plan,http://documents.worldbank.org/curated/en/872611529897472449/pdf/Ecuador-PP-06052018.pdf,,,,
ES,Madrid,Chamartin-Atocha tunnel,Chamartin-Atocha tunnel,2003,2008,1,7.5,100.00%,7.5,0,0,3,,Wiki,550,EUR,2006,1.25,687.5,91.7,1.5884375,"1,092.1",145.6,Media,https://elpais.com/elpais/2008/07/09/actualidad/1215591420_850215.html,,,,
FR,Paris,Line 14,Line 14,1993,2007,0,9.2,100.00%,9.2,0,0,9,,Wiki,"1,211",EUR,2004,1.25,1514,164.6,1.695230281,"2,566.6",279.0,Trade,http://www.omegacentre.bartlett.ucl.ac.uk/wp-content/uploads/2014/12/FRANCE_METEOR_PROFILE.pdf,,,,
CA,Toronto,Sheppard,Sheppard,1994,2002,0,5.5,100.00%,5.5,0,0,5,,Media,"1,000",CAD,1998,0.81,810,147.3,1.964595092,"1,591.3",289.3,Media,https://www.theglobeandmail.com/news/toronto/sheppard-subway-extension-a-quarter-the-stops-for-three-times-the-cost/article622366/,,,,
CA,Montreal,Laval extension,Laval extension,2001,2007,0,5.2,100.00%,5.2,0,0,3,,Wiki,745,CAD,2004,0.81,603.45,116.0,1.695230281,"1,023.0",196.7,Media,https://montrealgazette.com/news/local-news/the-sleepy-success-story-of-the-laval-metro-extension,,,,
DE,Karlsruhe,Kombilösung,Kombilösung,2010,2021,1,4.8,100.00%,4.8,0,0,6,,Plan,"1,457",EUR,2016,1.3,1894.49,394.7,1.334248584,"2,527.7",526.6,Plan,https://www.diekombiloesung.de/haeufige-fragen.html,,,,
DE,Dusseldorf,Wehrhahn Line,Wehrhahn Line,2007,2016,0,3.4,100.00%,3.4,0,0,6,,Wiki,929,EUR,2012,1.3,1207.7,355.2,1.394762058,"1,684.5",495.4,Media,https://www.wz.de/nrw/duesseldorf/wehrhahn-linie-wird-noch-viel-teurer_aid-25646289,,,,
US,New York,Line 7,7 extension,2007,2014,0,1.6,100.00%,1.6,0,0,1,,Measured,"2,400",USD,2010,1,2400,1500.0,1.468563121,"3,524.6","2,202.8",Plan,http://web.mta.info/nyct/service/new7LineExtension_to11Avenue.htm,,,,
US,New York,Second Avenue,Second Avenue Phase 1,2007,2016,0,2.7,100.00%,2.7,0,0,3,187,Measured,"4,601",USD,2011,1,4601,1704.1,1.423625961,"6,550.1","2,426.0",Media,http://web.mta.info/capitaldashboard/CPDMega.html,,,,
US,New York,Second Avenue,Second Avenue Phase 2,2019,2029,0,2.6,100.00%,2.6,0,0,3,187,Measured,"6,949",USD,2024,1,6949,2672.7,1.020848675,"7,093.9","2,728.4",Trade,https://www.transit.dot.gov/sites/fta.dot.gov/files/2023-03/NY-New-York-Second-Avenue-Subway-Phase-2-NSE-Profile-FY24.pdf,,,,
US,New York,East Side Access,East Side Access,2007,2022,1,2.8,100.00%,2.8,0,0,1,,Measured,"11,000",USD,2015,1,11000,3928.6,1.351080302,"14,861.9","5,307.8",Media,https://www.nytimes.com/2018/04/25/nyregion/mta-east-side-access-11-billion.html,,,,
US,New York,Gateway,Gateway,2019,2026,1,5.3,100.00%,5.3,0,0,0,,Measured,"9,500",USD,2023,1,9500,1792.5,1.050957985,"9,984.1","1,883.8",Plan,https://www.masstransitmag.com/rail/infrastructure/press-release/21094267/gateway-program-the-hudson-tunnel-projects-trims-14-billion-with-new-financial-plan,,,,
UK,London,Crossrail,Crossrail,2009,2021,1,21,100.00%,21,0,0,8,,Measured,"13,328",GBP,2015,1.4,18659.2,888.5,1.351080302,"25,210.1","1,200.5",FOI,,,,,
FR,Paris,Line 4,Line 4 to Bagneux,2014,2021,0,1.8,100.00%,1.8,0,0,2,,Plan,380,EUR,2011,1.3,494,274.4,1.423625961,703.3,390.7,Plan,http://www.prolongement-m4.fr/sites/default/files/documents/m4-bagneux-dossierpresse_180316_bd.pdf,,,,
FR,Paris,RER E,RER E extension,2018,2022,1,8,100.00%,8,0,0,2,,Wiki,"1,800",EUR,2012,1.3,2340,292.5,1.394762058,"3,263.7",408.0,Media,https://www.usinenouvelle.com/article/le-prolongement-a-l-ouest-de-paris-du-rer-e-devient-enfin-realite.N775434,,,,
FR,Paris,Line 4,Line 4 to Montrouge,2008,2013,0,1.5,100.00%,1.5,0,0,1,,Media,185,EUR,2010,1.3,240.89,160.6,1.468563121,353.8,235.8,Media,https://france3-regions.francetvinfo.fr/paris-ile-de-france/2013/03/22/ligne-4-montrouge-se-met-sur-les-rails-220977.html,,,,
FR,Paris,Line 8,Line 8 to Pointe-du-Lac,2007,2011,0,1.3,0.00%,0,0,0,1,,Wiki,83,EUR,2005,1.25,103.75,79.8,1.639677419,170.1,130.9,Media,https://www.railpassion.fr/materiel-actualites-rp/011-14751-la-ligne-8-du-metro-arrive-a-creteil-pointe-du-lac/,,,,
FR,Paris,Line 13,Line 13 to Courtilles,2005,2008,0,1.9,100.00%,1.9,0,0,2,,Plan,158,EUR,2006,1.25,197.5,103.9,1.5884375,313.7,165.1,Plan,https://web.archive.org/web/20120221232537/http://www.iledefrance.fr/lactualite/transports/metro-rer/ligne-13-deux-nouvelles-stations-a-asnieres-gennevilliers/,,,,
FR,Paris,Line 12,Line 12 to Front Populaire,2007,2012,0,1.5,100.00%,1.5,0,0,1,,Measured,295,EUR,2009,1.3,383.5,255.7,1.492651617,572.4,381.6,Plan,https://plainecommune.fr/projets/transports-et-mobilite/prolongement-de-la-ligne-12/,,,,
FR,Paris,Line 11,Line 11,2016,2024,0,6.3,90.00%,5.7,0.6,0,6,,Measured,"1,084",EUR,2014,1.3,1409.2,223.7,1.352684002,"1,906.2",302.6,Plan,https://www.ratp.fr/en/groupe-ratp/metrotrains/m11-extension-rosny-bois-perrier-and-then-noisy-champs,,,,
IL,Tel Aviv,Red Line,Red Line,2015,2022,0,24,50.00%,12,0,0,34,,Wiki,"17,600",NIS,2018,0.268,4716.8,196.5,1.275269108,"6,015.2",250.6,Media,https://en.globes.co.il/en/article-first-third-of-red-line-completed-1001205843,,,,
IL,Tel Aviv,Green Line,Green Line,2018,2024,0,38.6,12.00%,4.6,0,0,62,,Wiki,"20,000",NIS,2020,0.268,5360,138.9,1.237308306,"6,632.0",171.8,Media,http://www.xinhuanet.com/english/2019-05/21/c_138075072.htm,,,,
NZ,Auckland,City Rail Link,City Rail Link,2013,2024,1,3.5,100.00%,3.5,0,0,4,,Wiki,"4,419",NZD,2018,0.677,2991.663,854.8,1.275269108,"3,815.2","1,090.1",Plan,https://ourauckland.aucklandcouncil.govt.nz/articles/news/2019/04/revised-cost-for-city-rail-link/,,,,
DE,Hamburg,U4,U4 to HafenCity U,2007,2012,0,3.9,100.00%,3.9,0,0,2,,Media,326,EUR,2009,1.3,424.19,108.8,1.492651617,633.2,162.4,Media,https://www.nahverkehrhamburg.de/u4-verlaengerung-in-horner-geest-soll-465-millionen-euro-kosten-9328/,,,,
DE,Hamburg,U4,U4 to Elbbrücken,2014,2018,0,1.3,100.00%,1.3,0,0,1,,Media,178,EUR,2016,1.3,231.4,178.0,1.334248584,308.7,237.5,Media,https://www.nahverkehrhamburg.de/u4-verlaengerung-in-horner-geest-soll-465-millionen-euro-kosten-9328/,,,,
DE,Hamburg,U4,U4 to Dannerallee,2020,,0,2.6,100.00%,2.6,0,0,3,,Media,561,EUR,2021,1.3,729.3,280.5,1.181787652,861.9,331.5,Media,"https://www.ndr.de/nachrichten/hamburg/U5-in-Hamburg-Kosten-fuer-oestlichen-Abschnitt-explodieren,ubahn826.html",,,,
ES,Barcelona,L3,L3 to Trinitat Nova,2001,2008,0,1.9,100.00%,1.9,0,0,2,,Plan,151,EUR,2004,1.25,188.75,99.3,1.695230281,320.0,168.4,Plan,https://pemb.cat/public/docs/794_r6_cat_b2_17_perllongament_linia_3_de_metro_corr.pdf,,,,
ES,Barcelona,Terrassa tunnel,Terrassa tunnel,2008,2015,0,4.5,100.00%,4.5,0,0,3,,Plan,401,EUR,2011,1.3,521.3,115.8,1.423625961,742.1,164.9,Plan,https://govern.cat/govern/docs/2012/10/03/12/36/6b33e55c-7ef4-4200-8517-97c7501d026e.pdf,,,,
ES,Barcelona,Sabadell tunnel,Sabadell tunnel,2006,2017,0,4.4,100.00%,4.4,0,0,4,,Plan,430,EUR,2011,1.3,559,127.0,1.423625961,795.8,180.9,Plan,https://govern.cat/govern/docs/2012/10/03/12/36/6b33e55c-7ef4-4200-8517-97c7501d026e.pdf,,,,
ES,Barcelona,L2,L2 to Badalona,2006,2010,0,0.7,100.00%,0.7,0,0,1,,Plan,70,EUR,2008,1.25,87.5,125.0,1.487341096,130.1,185.9,Plan,http://territori.scot.cat/cat/notices/2010/10/metro_lInia_2_2737.php,,,,
ES,Barcelona,L5,L5 to Vall d'Hebron,2007,2010,0,2.5,100.00%,2.5,0,0,3,,Media,320,EUR,2008,1.25,400,160.0,1.487341096,594.9,238.0,Media,https://www.ccma.cat/324/La-linia-5-del-Metro-de-Barcelona-samplia-dema-amb-les-estacions-del-Carmel-el-Collla-Teixonera-i-Vall-dHebron/noticia/790448/,,,,
ES,Barcelona,L9/10,L9/10,2003,2026,0,47.8,91.00%,43.7,0,0,52,,Plan,"5,954",EUR,2014,1.3,7740.2,161.9,1.352684002,"10,470.0",219.0,Plan,https://www.eib.org/en/projects/pipelines/all/20160937,,,,
ES,Bilbao,Line 3,Line 3,2007,2016,0,5.9,95.00%,5.6,0,0,7,,Measured,279,EUR,2011,1.3,362.7,61.5,1.423625961,516.3,87.5,Media,https://www.eitb.eus/es/noticias/economia/detalle/4706859/inauguracion-linea-3-metro-bilbao-operada-euskotren-8-abril/,,,,
ES,Seville,Line 1,Line 1,2003,2009,0,18.2,64.00%,11.6,6.552,0,22,,Measured,892,EUR,2006,1.25,1115,61.3,1.5884375,"1,771.1",97.3,Media,https://www.diariodesevilla.es/sevilla/construccion-linea-1-Metro-Sevilla_0_1341766366.html,,,,
ES,Malaga,Lines 1-2,Lines 1-2,2006,2014,0,11.3,81.00%,9.2,0,0,17,,Wiki,870,EUR,2010,1.3,1131,100.1,1.468563121,"1,660.9",147.0,Media,https://www.diariosur.es/20130217/local/malaga/obras-metro-malaga-costaran-201302170041.html,,,,
BD,Dhaka,Line 6,Line 6,2015,2022,0,21.3,0.00%,0,0,0,16,,Media,"334,720",BDT,2019,0.032,10711.04,502.9,1.252572783,"13,416.4",629.9,Media,https://www.thedailystar.net/news/bangladesh/transport/news/metro-now-set-cost-50pc-more-3072816,,,,
BD,Dhaka,Line 1,Line 1,2020,2026,0,31.2,64.00%,19.9,0,0,19,,Media,"525,610",BDT,2023,0.032,16819.52,539.1,1.050957985,"17,676.6",566.6,Media,https://bdnews24.com/economy/2019/10/15/govt-approves-two-more-metro-rail-projects-worth-tk-938bn,,,,
BD,Dhaka,Line 5,Line 5,2020,2028,0,19.6,70.00%,14,0,0,14,,Media,"412,380",BDT,2024,0.032,13196.16,673.3,1.020848675,"13,471.3",687.3,Media,https://bdnews24.com/economy/2019/10/15/govt-approves-two-more-metro-rail-projects-worth-tk-938bn,,,,
ID,Jakarta,MRT first phase,MRT first phase,2013,2019,0,15.7,38.00%,5.9,0,0,13,,Media,"13,776,070",IDR,2016,0.000213,2934.30291,186.9,1.334248584,"3,915.1",249.4,Media,https://www.jttri.or.jp/docs/seminar190719-25.pdf,,,,
FR,Lyon,Line A,Line A to Vaulx,2005,2007,0,1,100.00%,1,0,0,1,,Plan,53,EUR,2006,1.25,66.25,66.3,1.5884375,105.2,105.2,Plan,https://web.archive.org/web/20080312071952/http://www.sytral.fr/176.0.html,,,,
FR,Lyon,Line B,Line B to Oullins,2009,2013,0,1.8,100.00%,1.8,0,0,1,,Media,222,EUR,2011,1.3,288.6,160.3,1.423625961,410.9,228.3,Media,https://www.lyon-entreprises.com/actualites/article/le-prolongement-de-la-ligne-b-du-metro-lyonnais-a-oullins-devrait-booster-le-developpement-du-sud-ouest-lyonnais,,,,
FR,Lyon,Line B,Line B to Hospital-Sud,2017,2023,0,2.5,100.00%,2.5,0,0,2,,Plan,394,EUR,2020,1.3,512.2,204.9,1.237308306,633.7,253.5,Plan,http://www.oullins.fr/territoire-d-avenir/prolongement-du-metro-b-382.html,,,,
PK,Lahore,Orange Line,Orange Line,2015,2020,0,27.1,6.00%,1.6,0,0,26,,Wiki,"183,000",PKR,2017,0.033,6039,222.8,1.306417265,"7,889.5",291.1,Media,https://dailytimes.com.pk/470024/punjab-drops-plan-to-connect-orange-line-train-with-metro-bus-railway-station/,,,,
TH,Bangkok,Sukhumvit Line,Sukhumvit Line to Kheka,2012,2018,0,12.8,0.00%,0,0,0,9,,Plan,"21,904",THB,2007,0.087,1905.648,148.9,1.544448303,"2,943.2",229.9,Plan,https://www.mrta.co.th/en/projectelectrictrain/bangkok-and-vicinities/greenline/,,,,
TH,Bangkok,Sukhumvit Line,Sukhumvit Line to Khu Khot,2015,2020,0,19,0.00%,0,0,0,16,,Plan,"58,862",THB,2017,0.081,4767.822,250.9,1.306417265,"6,228.8",327.8,Plan,https://www.mrta.co.th/en/projectelectrictrain/bangkok-and-vicinities/greenline/,,,,
TH,Bangkok,Blue Line,Blue Line extension,2011,2020,0,26.9,20.00%,5.4,0,0,19,,Plan,"71,687",THB,2015,0.081,5806.647,215.9,1.351080302,"7,845.2",291.6,Plan,https://www.mrta.co.th/en/projectelectrictrain/bangkok-and-vicinities/blueline/?AspxAutoDetectCookieSupport=1,,,,
TH,Bangkok,Brown Line,Brown Line,2020,,0,22.1,0.00%,0,0,0,18,,Plan,"48,386",THB,2020,0.081,3919.266,177.3,1.237308306,"4,849.3",219.4,Plan,https://www.mrta.co.th/en/projectelectrictrain/bangkok-and-vicinities/brownline/,,,,
TH,Bangkok,Pink Line,Pink Line,2017,2022,0,34.5,0.00%,0,0,0,30,,Plan,"56,725",THB,2019,0.081,4594.725,133.2,1.252572783,"5,755.2",166.8,Plan,https://www.mrta.co.th/en/projectelectrictrain/bangkok-and-vicinities/pinkline/,,,,
TH,Bangkok,Yellow Line,Yellow Line,2017,2022,0,30.4,0.00%,0,0,0,23,,Wiki,"54,768",THB,2019,0.081,4436.208,145.9,1.252572783,"5,556.7",182.8,Plan,https://www.mrta.co.th/en/projectelectrictrain/bangkok-and-vicinities/yellowline/,,,,
TH,Bangkok,Orange Line,Orange Line,2017,2025,0,35.9,75.00%,27,0,0,28,,Plan,"235,320",THB,2021,0.081,19060.92,530.9,1.181787652,"22,526.0",627.5,Plan,https://www.mrta.co.th/en/projectelectrictrain/bangkok-and-vicinities/orangeline/,,,,
TH,Chiang Mai,Red Line,Red Line,2022,2027,0,15.8,46.00%,7.2,0,0,12,,Measured,"27,000",THB,2024,0.081,2187,138.4,1.020848675,"2,232.6",141.3,Media,https://www.nationthailand.com/business/30382028,,,,
VN,Ho Chi Minh City,Line 1,Line 1,2012,2021,0,19.7,13.00%,2.6,0,0,14,,Plan,"43,600,000",VND,2016,0.000126,5493.6,278.9,1.334248584,"7,329.8",372.1,Media,https://e.vnexpress.net/news/news/hcmc-submits-plans-for-new-2-9-billion-metro-line-4095209.html,,,,
VN,Ho Chi Minh City,Line 2,Line 2 first phase,2020,2026,0,11.3,82.00%,9.3,0,0,11,,Media,"48,000,000",VND,2023,0.000126,6048,535.2,1.050957985,"6,356.2",562.5,Media,https://e.vnexpress.net/news/news/saigon-metro-lines-cost-escalation-cleared-construction-not-to-stop-4002027.html,,,,
VN,Ho Chi Minh City,Line 5,Line 5 first phase,2025,2029,0,8.9,84.00%,7.5,0,0,7,,Media,"41,600,000",VND,2027,0.000126,5241.6,588.9,1,"5,241.6",588.9,Media,https://saigoneer.com/saigon-news/12943-saigon-starts-seeking-investors-for-metro-line-5,,,,
JP,Osaka,Tokaido,Tokaido branch relocation,2015,2023,1,2.4,100.00%,2.4,0,0,1,,Plan,"69,000",JPY,2019,0.01,690,287.5,1.252572783,864.3,360.1,Plan,https://www.westjr.co.jp/global/en/ir/library/fact-sheets/2018/pdf/fact2018.pdf,,,,
JP,Osaka,Higashi Line,Higashi Line,1999,2019,1,20.3,0.00%,0,0,0,0,,Plan,"120,000",JPY,2009,0.0087,1044,51.4,1.492651617,"1,558.3",76.8,Plan,https://www.westjr.co.jp/global/en/ir/library/fact-sheets/2018/pdf/fact2018.pdf,,,,
JP,Osaka,Monorail,Monorail extension,2018,2029,0,8.9,0.00%,0,0,0,4,,Plan,"105,000",JPY,2019,0.01,1050,118.0,1.252572783,"1,315.2",147.8,Plan,http://www.mlit.go.jp/common/001272230.pdf,,,,
JP,Tokyo,Fukutoshin Line,Fukutoshin Line,2001,2008,0,8.9,100.00%,8.9,0,0,8,,Media,"250,000",JPY,2004,0.0074,1850,207.9,1.695230281,"3,136.2",352.4,Media,https://www.japantimes.co.jp/news/2008/06/12/national/fukutoshin-subway-line-debuts/,,,,
JP,Tokyo,Minatomirai Line,Minatomirai Line,1993,2004,1,4.1,100.00%,4.1,0,0,6,,Trade,"257,000",JPY,1998,0.0063,1619.1,394.9,1.964595092,"3,180.9",775.8,Media,https://www.japantimes.co.jp/life/2004/02/13/travel/new-subway-signals-start-of-a-new-era/,,,,
JP,Tokyo,Oedo Line ring,Oedo Line ring,1992,2000,0,27.8,100.00%,27.8,0,0,27,,Plan,"988,600",JPY,1999,0.0064,6327.04,227.6,1.922142857,"12,161.5",437.5,Plan,https://web.archive.org/web/20060517042836/http://www.kotsu.metro.tokyo.jp/news/pdf/sub_t_20060324a_01.pdf,,,,
JP,Tokyo,Haneda express line,Haneda express line,2022,2029,1,5.6,100.00%,5.6,0,0,2,,Measured,"300,000",JPY,2025,0.01,3000,535.7,#N/A,#N/A,#N/A,Media,https://en.connectionjapan.com/2019/02/16/jr-east-construira-linha-para-ligar-toquio-ao-aeroporto-de-haneda/,,,,
JP,Tokyo,Tama Monorail,Tama Monorail first phase,1991,2000,0,16,0.00%,0,0,0,19,,Trade,"242,200",JPY,1995,0.006,1453.2,90.8,2.101240157,"3,053.5",190.8,Trade,https://www.ejrcf.or.jp/jrtr/jrtr26/pdf/t58_neh.pdf,,,,
JP,Tokyo,Monorail,Monorail to Tokyo Station,2015,2025,1,3,0.00%,0,0,0,,,Trade,"109,500",JPY,2020,0.01,1095,365.0,1.237308306,"1,354.9",451.6,Trade,https://www.railwaygazette.com/tokyo-monorail-plans-to-extend/39875.article,,,,
JP,Tokyo,Tokyo-Ueno Line,Tokyo-Ueno Line,2008,2015,1,3.8,0.00%,0,0,0,0,,Trade,"40,000",JPY,2011,0.009,360,94.7,1.423625961,512.5,134.9,Trade,https://www.railwaygazette.com/cross-tokyo-link-inaugurated/40649.article,,,,
JP,Tokyo,Sotetsu Shin-Yokohama,Sotetsu Shin-Yokohama JR Line,2010,2019,1,2.7,78.00%,2.1,0,0,1,,Measured,"111,400",JPY,2014,0.0097,1080.58,400.2,1.352684002,"1,461.7",541.4,Media,https://resources.realestate.co.jp/living/faster-commute-and-lower-congestion-expected-as-sotetsu-main-line-and-jr-east-start-direct-rail-service-on-nov-30th/,,,,
JP,Tokyo,Sotetsu Shin-Yokohama,Sotetsu Shin-Yokohama Tokyu Line,2010,2022,1,10,80.00%,8,0,0,2,,Measured,"290,800",JPY,2016,0.0095,2762.6,276.3,1.334248584,"3,686.0",368.6,Trade,https://www.decn.co.jp/?p=89391,,,,
JP,Fukuoka,Nanakuma Line,Nanakuma Line extension,2014,2022,0,1.6,100.00%,1.6,0,0,2,,Wiki,"58,700",JPY,2018,0.01,587,366.9,1.275269108,748.6,467.9,Media,https://www.fukuoka-now.com/en/news/nanakuma-subway-line-extension-delayed/,,,,
BR,Sao Paulo,Line 6,Line 6 phase 1,2015,2023,0,15.9,84.00%,13.4,0,0,15,,Trade,"9,600",BRL,2020,0.44,4224,265.7,1.237308306,"5,226.4",328.7,Trade,https://www.railjournal.com/passenger/metros/revival-of-sao-paulo-metro-line-6-orange-project-a-step-closer/,,,,
CH,Lucerne,Zentralbahn,Zentralbahn,2008,2013,1,1.5,90.00%,1.4,0,0,1,,Plan,220,CHF,2010,0.68,149.736,99.8,1.468563121,219.9,146.6,Plan,https://www.luzernerzeitung.ch/zentralschweiz/luzern/seetalplatz-und-zentralbahn-60-millionen-guenstiger-als-budgetiert-ld.1150224,,,,
CH,Zurich,Durchmesserlinie,Durchmesserlinie,2007,2014,1,9.6,50.00%,4.8,0.2,4.6,1,,Trade,"2,030",CHF,2010,0.68,1380.4,143.8,1.468563121,"2,027.2",211.2,Trade,https://www.railwaygazette.com/infrastructure/cross-city-tunnel-opening-increases-capacity-in-zurich/39619.article,,,,
JP,Tokyo,Tsukuba Express,Tsukuba Express,1997,2005,0,58.3,28.00%,16.3,0,0,20,,Plan,"949,400",JPY,2001,0.0077,7310.38,125.4,1.808181818,"13,218.5",226.7,Plan,https://www.jlgc.org.uk/en/news_letter/funding-local-infrastructure-and-the-tsukuba-express/,,,,
IN,Bangalore,Green line,Phase 2,2017,2024,0,73.9,18.67%,13.8,0,0,62,,Trade,"306,950",INR,2020,0.047,14426.65,195.2,1.237308306,"17,850.2",241.5,Media,https://www.metrorailnews.in/bengaluru-metros-yelachenahalli-anjanapura-line-supposed-to-be-ready-by-november-2020/,,,,
IN,Bangalore,Green line,Phase 1,2006,2017,0,42.3,20.00%,8.5,0,0,41,,Wiki,"144,050",INR,2011,0.064,9219.2,217.9,1.423625961,"13,124.7",310.3,Media,https://economictimes.indiatimes.com/industry/transportation/railways/cost-and-time-overrun-marks-bengaluru-metro-phase-i/articleshow/57550535.cms,,,,
IN,Gurgaon,Gurgaon,Phase 1,2009,2013,0,5.5,0.00%,0,0,0,6,,Wiki,"10,880",INR,2011,0.064,696.32,126.6,1.423625961,991.3,180.2,Media,http://archive.indianexpress.com/news/gurgaon-rapid-metro-begins-trial-runs/1011112/0,,,,
IN,Gurgaon,Gurgaon,Phase 2,2013,2017,0,6.3,0.00%,0,0,0,5,,Wiki,"24,230",INR,2015,0.052,1259.96,200.0,1.351080302,"1,702.3",270.2,Media,http://www.ptinews.com/news/8562521_Second-phase-of-Gurgaon-s-Rapid-Metro-launched.html,,,,
IN,Nagpur,Nagpur,Phase 1,2014,2020,0,38.2,0.00%,0,0,0,40,,Media,"86,800",INR,2014,0.054,4687.2,122.7,1.352684002,"6,340.3",166.0,Plan,http://www.metrorailnagpur.com/projectprofile.aspx,,,,
IN,Nagpur,Nagpur,Phase 2,,,0,43.8,0.00%,0,0,0,32,,Plan,"112,160",INR,2018,0.048,5383.68,122.9,1.275269108,"6,865.6",156.7,Media,https://timesofindia.indiatimes.com/city/nagpur/mahametro-saves-rs1850cr-in-nagpur-metro-phase-ii/articleshow/67371648.cms,,,,
IN,Ahmadabad,Line,Phase 1,2015,2023,0,40,16.00%,6.4,0,0,33,,Wiki,"127,000",INR,2019,0.047,5969,149.2,1.252572783,"7,476.6",186.9,Media,https://indianexpress.com/article/cities/ahmedabad/ahmedabad-metro-phase-1-delay-makes-cost-jump-by-rs-2000-cr-6486037/,,,,
IN,Hyderabad,Metro,Phase 1,2012,2020,0,72,0.00%,0,0,0,66,,Media,"188,000",INR,2016,0.05,9400,130.6,1.334248584,"12,541.9",174.2,Media,https://www.indiatoday.in/india/story/hyderabad-metro-project-delay-by-l-and-t-pushes-up-cost-by-over-30-per-cent-1094750-2017-11-26,,,,
IN,Hyderabad,Airport express,Airport express,2020,,0,31,8.00%,2.5,0,0,10,,Media,"46,500",INR,2020,0.047,2185.5,70.5,1.237308306,"2,704.1",87.2,Media,https://www.thehindu.com/news/cities/Hyderabad/airport-metro-to-have-underground-section-connecting-to-passenger-terminal/article29317205.ece,,,,
IN,Chennai,Phase 1,Phase 1,2009,2019,0,45.1,53.00%,24,0,0,34,,Trade,"200,000",INR,2014,0.054,10800,239.5,1.352684002,"14,609.0",323.9,Media,https://www.business-standard.com/article/current-affairs/phase-ii-chennai-metro-project-to-cost-rs-36-000-cr-114022800932_1.html,,,,
IN,Chennai,Phase 1,Phase 1 extension,2016,2020,0,9.1,26.00%,2.4,0,0,9,,Trade,"37,700",INR,2018,0.048,1809.6,198.9,1.275269108,"2,307.7",253.6,Trade,https://themetrorailguy.com/chennai-metro-phase-1-extension-information-route-maps-tenders-updates/,,,,
IN,Chennai,Phase 2,Phase 2,2020,2026,0,118.9,36.00%,42.8,0,0,128,,Media,"691,800",INR,2023,0.047,32514.6,273.5,1.050957985,"34,171.5",287.4,Media,https://www.businesstoday.in/sectors/infra/relief-for-commuters-in-chennai-metro-network-to-expand-phase-ii-work-begins/story/350907.html,,,,
CH,Geneva,CEVA,CEVA,2013,2019,1,8.8,96.00%,8.4,0.14,0.212,4,,Measured,"1,567",CHF,2016,0.68,1065.56,121.1,1.334248584,"1,421.7",161.6,Plan,https://www.ceva.ch/2017/05/11/financement-et-organisation/?b=https://www.ceva.ch/category/projet,,,,
UA,Kyiv,M3,M3 to Vynohradar,2018,2022,0,3.7,100.00%,3.7,0,0,2,,Plan,"5,993",UAH,2020,0.121,725.153,196.0,1.237308306,897.2,242.5,Media,https://www.unian.info/kiev/10350087-kyiv-metro-signs-contract-for-subway-line-construction-to-kyiv-s-vynohradar-district.html,,,,
UA,Kyiv,M4,M4,2021,2026,0,20,65.00%,13,0,0,13,,Trade,"2,000",USD,2023,3,6000,300.0,1.050957985,"6,305.7",315.3,Trade,http://www.globalconstructionreview.com/news/china-railway-completes-feasibility-study-kiev-met/,,,,
UA,Kharkiv,M3,M3 extension,2018,2024,0,3.5,100.00%,3.5,0,0,2,,Plan,382,EUR,2021,3.9,1489.8,425.7,1.181787652,"1,760.6",503.0,Trade,https://www.railwaygazette.com/vehicles/crrc-wins-kharkiv-metro-train-contract/56702.article,,,,
TW,Taipei,Sanying Line,Sanying Line,2016,2023,0,14.29,0.00%,0,0,0,12,,Plan,"50,200",TWD,2019,0.0664,3333.28,233.3,1.252572783,"4,175.2",292.2,Plan,https://www.dorts.ntpc.gov.tw/home.jsp?id=90&act=be4f48068b2b0031&dataserno=09b73a18932ab2e245b25cd63399a208,,,,
TW,Taipei,Danhai LRT,Danhai LRT,2014,2024,0,14,0.00%,0,0,0,20,,Wiki,"15,300",TWD,2016,0.0664,1015.92,72.6,1.334248584,"1,355.5",96.8,Media,https://focustaiwan.tw/society/202003240018,,,,
TW,Taipei,Circular Line,Circular Line first section,2011,2020,0,15.4,7.00%,1.1,0,0,14,,Measured,"69,970",TWD,2015,0.0664,4646.008,301.7,1.351080302,"6,277.1",407.6,Media,https://www.taiwannews.com.tw/en/news/3861624,,,,
TW,Taipei,Airport MRT,Airport MRT,2006,2017,0,51,21.00%,10.7,0,0,22,,Wiki,"113,850",TWD,2011,0.0664,7559.64,148.2,1.423625961,"10,762.1",211.0,Media,https://www.straitstimes.com/asia/east-asia/taipei-airport-rail-line-ready-to-roll,,,,
TW,Taipei,Taoyuan MRT Green Line,Taoyuan MRT Green Line,2019,2026,0,27.8,45.00%,12.5,0,0,21,,Media,"98,264",TWD,2022,0.0664,6524.7296,234.7,1.094220157,"7,139.5",256.8,Plan,https://dorts.tycg.gov.tw/en/business/mrt-green-line,,,,
TW,Taipei,Taoyuan MRT Brown Line,Taoyuan MRT Brown Line,2019,,0,11.5,0.00%,0,0,0,8,,Plan,"19,558",TWD,2020,0.0664,1298.6512,112.9,1.237308306,"1,606.8",139.7,Plan,https://dorts.tycg.gov.tw/en/business/mrt-brown-line,,,,
TW,Taipei,Taoyuan Underground,Taoyuan Underground,2019,2030,1,17.9,100.00%,17.9,0,0,8,,Wiki,"105,600",TWD,2024,0.0664,7011.84,391.7,1.020848675,"7,158.0",399.9,Media,https://www.cna.com.tw/news/firstnews/201908150041.aspx,,,,
TW,Kaohsiung,Red and Orange Lines,Red and Orange Lines,2001,2008,0,43,74.00%,31.8,0,0,38,,Measured,"181,300",TWD,2004,0.0664,12038.32,280.0,1.695230281,"20,407.7",474.6,Trade,https://www.railjournal.com/in_depth/taiwan-transit-in-transition,,,,
TW,Kaohsiung,Urban Railway Underground,Urban Railway Underground,2008,2018,1,15.4,100.00%,15.4,0,0,10,,Plan,"99,870",TWD,2013,0.0664,6631.368,430.6,1.374627077,"9,115.7",591.9,Plan,https://www.rb.gov.tw/en/showpage.php?lmenuid=24&smenuid=154,,,,
TW,Tainan,Underground Project,Underground Project,2019,2024,1,8.2,100.00%,8.2,0,0,3,,Plan,"29,360",TWD,2021,0.0664,1949.504,237.7,1.181787652,"2,303.9",281.0,Plan,https://www.rb.gov.tw/en/showpage.php?lmenuid=24&smenuid=159,,,,
TW,Taichung,Green Line,Green Line,2010,2020,0,16.7,0.00%,0,0,0,18,,Plan,"59,337",TWD,2015,0.0664,3939.9768,235.9,1.351080302,"5,323.2",318.8,Plan,https://www.rb.gov.tw/en/showpage.php?lmenuid=24&smenuid=75,,,,
AU,Perth,Forrestfield-Airport Link,Forrestfield-Airport Link,2016,2021,1,8.5,100.00%,8.5,0,0,3,,Plan,"1,860",AUD,2018,0.69,1283.4,151.0,1.275269108,"1,636.7",192.6,Plan,https://www.forrestfieldairportlink.wa.gov.au/Portals/14/Project%20Overview%20Fact%20Sheet%20-%20Dec18%20WEB.pdf,,,,
JP,Tokyo,Yurikamome,Yurikamome,1988,1995,0,12,0.00%,0,0,0,12,,Trade,"170,200",JPY,1991,0.0054,919.08,76.6,2.351167401,"2,160.9",180.1,Trade,http://www.ejrcf.or.jp/jrtr/jrtr30/pdf/s42_aok.pdf,,,,
AR,Buenos Aires,RER,RER,2020,2026,1,20,100.00%,20,0,0,4,,Media,"2,300",USD,2023,2.02,4646,232.3,1.050957985,"4,882.8",244.1,Media,https://tn.com.ar/economia/el-gobierno-relanzo-el-rer-el-proyecto-para-conectar-los-trenes-del-area-metropolitana_856411,,,,
DE,Nuremberg,U3,U3 extension to Grossreuth,2014,2020,0,1.1,100.00%,1.1,0,0,1,90,Plan,69,EUR,2017,1.3,89.7,81.5,1.306417265,117.2,106.5,Media,https://www.nuernberg.de/presse/mitteilungen/presse_68381.html,,,,
DE,Cologne,North-South Stadtbahn,North-South Stadtbahn,2003,2015,0,4,100.00%,4,0,0,6,,Wiki,"1,040",EUR,2009,1.3,1352,338.0,1.492651617,"2,018.1",504.5,Plan,https://www.nord-sued-stadtbahn.de/projekt/gruende/hintergruende/index.html,,,,
DE,Berlin,U8,U8 to Wittenau,1985,1994,0,3.6,100.00%,3.6,0,0,4,100,Wiki,520,EUR,2020,1.3,676,187.8,1.237308306,836.4,232.3,Trade,https://signalarchiv.de/Meldungen/10003834,,,,
DE,Berlin,U2,U2 to Pankow,1997,2000,0,0.8,100.00%,0.8,0,0,1,100,Media,54,EUR,1998,1.3,70.2,87.8,1.964595092,137.9,172.4,Media,https://www.berliner-zeitung.de/endspurt-auf-der-baustelle-die-strecke-von-vinetastrasse-nach-bahnhof-pankow-wird-puenktlich-fertig-und-billiger-u-bahn-linie-2-ab-sonnabend-sind-die-pankower-am-zug-li.33430,,,,
DE,Frankfurt,U-Bahn Europaviertel,U-Bahn Europaviertel,2019,2025,0,2.7,52.00%,1.4,0,0,4,,Measured,374,EUR,2022,1.3,485.55,179.8,1.094220157,531.3,196.8,Media,https://www.fnp.de/frankfurt/frankfurt-u-bahn-u5-verlaengerung-spaeter-teurer-wegen-eva-zr-13449222.html,,,,
PE,Lima,Line 2,Line 2,2014,2025,0,35,100.00%,35,0,0,35,,Trade,"5,836",USD,2019,1.9,11088.4,316.8,1.252572783,"13,889.0",396.8,Plan,https://projects.worldbank.org/en/projects-operations/project-detail/P145610,,,,
MY,Kuala Lumpur,Kajang Line,Kajang Line,2012,2017,0,51,19.00%,9.5,0,0,31,,Wiki,"21,000",MYR,2014,0.7,14700,288.2,1.352684002,"19,884.5",389.9,Media,https://www.nst.com.my/news/nation/2017/07/258054/sbk-mrt-proud-achievement-which-will-save-commuters-cost-time-pm,,,,
MY,Kuala Lumpur,Putrajaya Line (MRT 2),Putrajaya Line (MRT 2),2016,2023,0,52.2,26.00%,13.5,0,0,41,,Wiki,"30,530",MYR,2019,0.7,21371,409.4,1.252572783,"26,768.7",512.8,Media,https://www.thestar.com.my/business/business-news/2020/01/17/mrt-2-at-70-completion-guan-eng-says,,,,
TR,Istanbul,M2,M2,1992,2014,0,23.5,91.49%,21.5,0,0,17,180,Plan,"2,510",USD,2003,2,5020,213.6,1.740375,"8,736.7",371.8,Plan,"https://rayhaberleri.wordpress.com/1998/10/22/proje-bilgisi-taksim-yenikapi-metro-hatti/, https://rayhaber.com/2009/02/proje-bilgisi-halic-metro-gecis-koprusu-insaati/, https://rayhaber.com/2004/10/proje-bilgisi-istanbul-metrosu-4-levent-ayazaga-kesimi-depo-sahasi-ve-baglanti-hatlari-insaat-isi/",,,,
TR,Istanbul,M3,M3 Phase 1,2006,2013,0,16.1,100.00%,15.9,0,0,11,180,Media,"1,344",USD,2010,1.6,2150.4,133.6,1.468563121,"3,158.0",196.1,Media,https://www.sabah.com.tr/Gundem/2013/06/14/istanbula-yeni-metro,,,,
TR,Istanbul,M4,M4 Phase 1,2005,2012,0,21.7,100.00%,21.7,0,0,16,180,Plan,"1,299",USD,2009,1.7,2208.3,101.8,1.492651617,"3,296.2",151.9,Media,https://railturkey.org/2016/10/15/kadikoy-kartal-tavsantepe-metro-m4/2/,,,,
TR,Istanbul,M4,M4 Phase 2,2013,2016,0,4.4,100.00%,4.4,0,0,3,180,Media,151,USD,2015,2.3,347.3,78.9,1.351080302,469.2,106.6,Media,https://railturkey.org/2016/10/15/kadikoy-kartal-tavsantepe-metro-m4/2/,,,,
TR,Istanbul,M5,M5 Phase 1,2011,2018,0,19.7,100.00%,19.7,0,0,16,140,Plan,866,USD,2015,2.3,1991.8,101.1,1.351080302,"2,691.1",136.6,Media,http://www.uskudarumraniyecekmekoymetrosu.com/ana-sayfa/projenin-tarihcesi.aspx,,,,
TR,Istanbul,Marmaray,BC1,2004,2013,1,13.6,100.00%,13.6,0,0,4,225,Plan,"1,823",USD,2009,1.7,3099.1,227.9,1.492651617,"4,625.9",340.1,Plan,,,,,
TR,Istanbul,Marmaray,CR3,2011,2019,1,63,0.00%,0,0,0,36,225,Plan,"1,298",USD,2015,2.3,2985.4,47.4,1.351080302,"4,033.5",64.0,Trade,https://www.railwaygazette.com/infrastructure/marmaray-upgrading-works-resume/43921.article,,,,
TR,Istanbul,M7,M7 Phase1-2,2014,2024,0,23.75,96.21%,22.85,0,0,19,180,Plan,896,USD,2019,3,2688,113.2,1.252572783,"3,366.9",141.8,Media,https://rayhaber.com/2015/05/kabatas-mecidiyekoy-mahmutbey-metro-hatti-projesi-elektromekanik-sistemler-temin-montaj-ve-isletmeye-alma-isleri-ihalesini-kazanan-alsim-alarko-ile-sozlesme-imzalandi/,,,,
TR,Izmir,M1,M1 (Phase 1),1995,2000,0,11.6,29.31%,3.4,0,0,10,,Plan,600,USD,1998,2,1200,103.4,1.964595092,"2,357.5",203.2,Media,https://www.hurriyet.com.tr/ege/metroluyuz-39155285,,,,
TR,Izmir,M1,M1  (Phase 2),2005,2014,0,5.35,100.00%,5.35,0,0,6,,Plan,252,TRY,2010,1.1,277.2,51.8,1.468563121,407.1,76.1,Plan,https://www.uab.gov.tr/uploads/pages/kutuphane/d38e678334e19c8.pdf,,,,
TR,Izmir,M1,M1 (Phase 3),2010,2012,0,2.25,100.00%,2.25,0,0,2,,Plan,106,TRY,2011,1,106,47.1,1.423625961,150.9,67.1,Plan,https://www.uab.gov.tr/uploads/pages/kutuphane/d38e678334e19c8.pdf,,,,
TR,Ankara,M4,M4,2003,2017,0,9.22,100.00%,9.22,0,0,9,,Plan,"1,000",TRY,2010,1.1,1100,119.3,1.468563121,"1,615.4",175.2,Media,https://www.cnnturk.com/turkiye/efsanevi-kecioren-metrosu-aciliyor,,,,
TR,Bursa,Bursaray,Bursaray,1997,2014,0,39,16.03%,6.25,0,0,38,,Media,425,EUR,2006,2.1,892.5,22.9,1.5884375,"1,417.7",36.4,Media,"https://rayhaber.com/2011/04/en-hesapli-bursaray-ihalesi-kestel-etabinin-kilometre-maliyeti-universite-etabinin-ucte-biri/, https://rayhaberpozitif.wordpress.com/tag/hasim-iscan-caddesi/, https://www.haberler.com/bursaray-kestel-hattinin-temeli-atildi-insaat-1-5-2901776-haberi/",,,,
CN,Beijing,Line 4,Line 4,2004,2009,0,28.2,95.17%,26.837,0,0,24,117,Media,"15,380.00",CNY,2005,0.3519,5412.22,191.9,1.639677419,"8,874.3",314.7,Media,http://zizhan.mot.gov.cn/zhuantizhuanlan/qita/quanqiuhuanjingjijin/zhishigongxiang/201601/P020160125565596507649.pdf,,,,
CN,Beijing,Capital Airport Express,Capital Airport Express west extenion,2016,2020,0,1.83,100%,1.83,,,1,68,,"1,800.00",CNY,2018,0.2370,426.60,233.1,1.275269108,544.0,297.3,Media,https://new.qq.com/omn/20210301/20210301A0E4JW00.html,,,,
CN,Beijing,Line 13,Line 13,1999,2003,0,40.85,0.00%,0,13.855,26.995,17,117,Wikiland,"6,570.00",CNY,1999,0.3670,2411.19,59.0,1.922142857,"4,634.7",113.5,Media,http://www.wikiwand.com/zh-sg/%E5%8C%97%E4%BA%AC%E5%9C%B0%E9%93%8113%E5%8F%B7%E7%BA%BF,,,,
CN,Shanghai,Line 1,Line 1 (Shanghai Railway Station to Jinjiang Park),1990,1995,0,16.1,,,#N/A,#N/A,13,,Wiki,"5,390.00",CNY,1995,0.3650,1967.35,122.2,2.101240157,"4,133.9",256.8,Media,https://zh.wikipedia.org/wiki/%E4%B8%8A%E6%B5%B7%E8%BD%A8%E9%81%93%E4%BA%A4%E9%80%9A1%E5%8F%B7%E7%BA%BF,,,,
CN,Shanghai,Line 2,Line 2 Phase 1,1995,1999,0,16.3,100.00%,16.3,0,0,12,,Wiki,"12,400.00",CNY,1995,0.3650,4526.00,277.7,2.101240157,"9,510.2",583.4,Plan,https://zh.wikipedia.org/wiki/%E4%B8%8A%E6%B5%B7%E8%BD%A8%E9%81%93%E4%BA%A4%E9%80%9A2%E5%8F%B7%E7%BA%BF,,,,
CN,Shanghai,Line 2,Line 2 Eastern Extension 1,1999,2000,0,2.72,31.99%,0.87,0.305,1.5718,1,,Wiki,314.77,CNY,1999,0.3670,115.52,42.5,1.922142857,222.0,81.6,Plan,https://zh.wikipedia.org/wiki/%E4%B8%8A%E6%B5%B7%E8%BD%A8%E9%81%93%E4%BA%A4%E9%80%9A2%E5%8F%B7%E7%BA%BF,,,,
CN,Shanghai,Line 2,Line 2 Western Extension 1,2001,2006,0,6.155,100.00%,6.155,0,0,4,,Wiki,"3,488.42",CNY,2004,0.3550,1238.39,201.2,1.695230281,"2,099.4",341.1,Plan,https://zh.wikipedia.org/wiki/%E4%B8%8A%E6%B5%B7%E8%BD%A8%E9%81%93%E4%BA%A4%E9%80%9A2%E5%8F%B7%E7%BA%BF,,,,
CN,Shanghai,Line 2,Line 2 Eastern Extension 2,2006,2010,0,30.8,69.81%,21.5,8.565,0.983,10,,Measured,"11,032.00",CNY,2008,0.3150,3475.08,112.8,1.487341096,"5,168.6",167.8,Plan,https://zh.wikipedia.org/wiki/%E4%B8%8A%E6%B5%B7%E8%BD%A8%E9%81%93%E4%BA%A4%E9%80%9A2%E5%8F%B7%E7%BA%BF,,,,
CN,Shanghai,Line 2,Line 2 Western Extension 2,,2010,0,8.53,,,#N/A,#N/A,3,,Wiki,"2,500.00",CNY,2010,0.3000,750.00,87.9,1.468563121,"1,101.4",129.1,Plan,https://zh.wikipedia.org/wiki/%E4%B8%8A%E6%B5%B7%E8%BD%A8%E9%81%93%E4%BA%A4%E9%80%9A2%E5%8F%B7%E7%BA%BF,,,,
CN,Shanghai,Line 3,Line 3,1997,2000,0,24.975,0.00%,0,21.605,3.375,,,Wiki,"9,378.00",CNY,1998,0.3570,3347.95,134.1,1.964595092,"6,577.4",263.4,Plan,https://zh.wikipedia.org/wiki/%E4%B8%8A%E6%B5%B7%E8%BD%A8%E9%81%93%E4%BA%A4%E9%80%9A3%E5%8F%B7%E7%BA%BF,,,,
CN,Shanghai,Line 3,Line 3 Northern Extension,,2006,0,15.365,12.88%,1.979,13.395,0.1306,10,,Wiki,"3,500.00",CNY,2006,0.3490,1221.50,79.5,1.5884375,"1,940.3",126.3,Plan,https://zh.wikipedia.org/wiki/%E4%B8%8A%E6%B5%B7%E8%BD%A8%E9%81%93%E4%BA%A4%E9%80%9A3%E5%8F%B7%E7%BA%BF,,,,
CN,Shanghai,Line 4,Line 4 Phase 1,,2005,0,22.032,94.33%,20.782,1.285,0.0368,9,,Wiki,"12,600.00",CNY,2005,0.3519,4433.94,201.3,1.639677419,"7,270.2",330.0,Plan,https://zh.wikipedia.org/wiki/%E4%B8%8A%E6%B5%B7%E8%BD%A8%E9%81%93%E4%BA%A4%E9%80%9A4%E5%8F%B7%E7%BA%BF,,,,
CN,Shanghai,Line 5,Line 5 Phase 1,2000,2002,0,17.206,0.00%,0,16.7,0.51,11,,Wiki,"3,437.00",CNY,2001,0.3680,1264.82,73.5,1.808181818,"2,287.0",132.9,Plan,https://zh.wikipedia.org/wiki/%E4%B8%8A%E6%B5%B7%E8%BD%A8%E9%81%93%E4%BA%A4%E9%80%9A5%E5%8F%B7%E7%BA%BF,,,,
CN,Shanghai,Line 5,Line 5 Southern Extension,2014,2018,0,19.628,39.47%,7.747,11.9743,0,9,,Wiki,"10,619.00",CNY,2016,0.2510,2665.37,135.8,1.334248584,"3,556.3",181.2,Plan,https://zh.wikipedia.org/wiki/%E4%B8%8A%E6%B5%B7%E8%BD%A8%E9%81%93%E4%BA%A4%E9%80%9A5%E5%8F%B7%E7%BA%BF,,,,
CN,Shanghai,Line 7,Line 7 Phase 1,2005,2009,0,34.388,100.00%,34.388,0,0,28,,Wiki,"18,700.00",CNY,2007,0.3330,6227.10,181.1,1.544448303,"9,617.4",279.7,Plan,https://zh.wikipedia.org/wiki/%E4%B8%8A%E6%B5%B7%E8%BD%A8%E9%81%93%E4%BA%A4%E9%80%9A7%E5%8F%B7%E7%BA%BF,,,,
CN,Shanghai,Line 7,Line 7 Northern Extension,2009,2011,0,9.978,70.25%,7.01,2.515,0.479,5,,Wiki,"3,157.00",CNY,2010,0.3000,947.10,94.9,1.468563121,"1,390.9",139.4,Plan,https://zh.wikipedia.org/wiki/%E4%B8%8A%E6%B5%B7%E8%BD%A8%E9%81%93%E4%BA%A4%E9%80%9A7%E5%8F%B7%E7%BA%BF,,,,
CN,Shanghai,Line 8,Line 8 Phase 2,,2009,0,14.44,57.06%,8.24,6.2092,0,8,,Wiki,"5,332.00",CNY,2009,0.3170,1690.24,117.1,1.492651617,"2,522.9",174.7,Plan,https://zh.wikipedia.org/wiki/%E4%B8%8A%E6%B5%B7%E8%BD%A8%E9%81%93%E4%BA%A4%E9%80%9A8%E5%8F%B7%E7%BA%BF,,,,
CN,Shanghai,Line 9,Line 9 Phase 1,,2008,0,30.687,48.17%,14.782,15.9588,0,13,,Wiki,"19,000.00",CNY,2008,0.3150,5985.00,195.0,1.487341096,"8,901.7",290.1,Plan,https://zh.wikipedia.org/wiki/%E4%B8%8A%E6%B5%B7%E8%BD%A8%E9%81%93%E4%BA%A4%E9%80%9A9%E5%8F%B7%E7%BA%BF,,,,
CN,Shanghai,Line 9,Line 9 Phase 2,2005,2009,0,14.5,100.00%,14.5,0,0,10,,Wiki,"8,940.00",CNY,2007,0.3330,2977.02,205.3,1.544448303,"4,597.9",317.1,Plan,https://zh.wikipedia.org/wiki/%E4%B8%8A%E6%B5%B7%E8%BD%A8%E9%81%93%E4%BA%A4%E9%80%9A9%E5%8F%B7%E7%BA%BF,,,,
CN,Shanghai,Line 9,Line 9 Phase 3,2009,2012,0,5.372,100.00%,5.372,0,0,,,Wiki,"2,800.00",CNY,2010,0.3000,840.00,156.4,1.468563121,"1,233.6",229.6,Plan,https://zh.wikipedia.org/wiki/%E4%B8%8A%E6%B5%B7%E8%BD%A8%E9%81%93%E4%BA%A4%E9%80%9A9%E5%8F%B7%E7%BA%BF,,,,
CN,Shanghai,Line 9,Line 9 Phase 3 Eastern Extension,2013,2017,0,13.828,100%,13.828,,,9,138,,"12,713.00",CNY,2015,0.2580,3279.95,237.2,1.351080302,"4,431.5",320.5,Plan,https://www.pudong.gov.cn/zwgkupfiles/temp/2021-11-10/2c4b9a67-37b0-4046-a0ca-7cdc4d3b0d27/46%E5%8F%B7.pdf,https://web.archive.org/web/20201108201629/http://news.sina.com.cn/o/2017-12-27/doc-ifyqchnr6135266.shtml,,,
CN,Shanghai,Line 10,Line 10 Phase 1,2005,2010,0,36.221,100.00%,36.221,0,0,31,138,Wiki,"23,784.00",CNY,2007,0.3330,7920.07,218.7,1.544448303,"12,232.1",337.7,Plan,https://zh.wikipedia.org/wiki/%E4%B8%8A%E6%B5%B7%E8%BD%A8%E9%81%93%E4%BA%A4%E9%80%9A10%E5%8F%B7%E7%BA%BF,,,,
CN,Shanghai,Line 11,Line 11 Phase 1,2007,2009,0,46.008,47.11%,21.676,24.3853,0,21,,Wiki,"18,950.00",CNY,2008,0.3150,5969.25,129.7,1.487341096,"8,878.3",193.0,Plan,https://zh.wikipedia.org/wiki/%E4%B8%8A%E6%B5%B7%E8%BD%A8%E9%81%93%E4%BA%A4%E9%80%9A11%E5%8F%B7%E7%BA%BF,,,,
CN,Shanghai,Line 11,Line 11 Phase 2,,2013,0,22.886,,,#N/A,#N/A,13,,Wiki,"12,965.00",CNY,2013,0.2730,3539.45,154.7,1.374627077,"4,865.4",212.6,Plan,https://zh.wikipedia.org/wiki/%E4%B8%8A%E6%B5%B7%E8%BD%A8%E9%81%93%E4%BA%A4%E9%80%9A11%E5%8F%B7%E7%BA%BF,,,,
CN,Shanghai,Line 11,Line 11 Huaqiao,,2013,0,6,0.00%,0,6,0,3,,Wiki,"1,849.00",CNY,2013,0.2730,504.78,84.1,1.374627077,693.9,115.6,Plan,https://zh.wikipedia.org/wiki/%E4%B8%8A%E6%B5%B7%E8%BD%A8%E9%81%93%E4%BA%A4%E9%80%9A11%E5%8F%B7%E7%BA%BF,,,,
CN,Xuzhou,Line 3,Line 3 Phase 2,4 years,,0,6.5,100.00%,6.5,0,0,5,,Plan,"5,015.40",CNY,2020,0.2390,1198.68,184.4,1.237308306,"1,483.1",228.2,Plan,https://www.ndrc.gov.cn/xxgk/zcfb/tz/202002/P020200210345113822478.pdf,,,,
CN,Xuzhou,Line 4,Line 4 Phase 1,2021,,0,26.2,100%,26.2,,,19,117,,"18,470.00",CNY,2021,0.2390,4414.33,168.5,1.181787652,"5,216.8",199.1,Trade,http://www.rail-transit.com/project/show.php?itemid=510,,,,
CN,Xuzhou,Line 5,Line 5 Phase 1,5 years,,0,24.6,100.00%,24.6,0,0,20,,Plan,"16,830.00",CNY,2020,0.2390,4022.37,163.5,1.237308306,"4,976.9",202.3,Plan,https://www.ndrc.gov.cn/xxgk/zcfb/tz/202002/P020200210345113822478.pdf,,,,
CN,Xuzhou,Line 6,Line 6 Phase 1,2021,,0,22.912,100%,22.912,,,16,117,Trade,"19,157.00",CNY,2021,0.2390,4578.52,199.8,1.181787652,"5,410.8",236.2,Trade,http://www.rail-transit.com/project/show.php?itemid=328,,,,
CN,Shenzhen,Line 6,Line 6 Phase 1,2015,2020,0,37.626,34.58%,13.01,24.8358,0,20,138,Plan,"16,800.00",CNY,2017,0.2390,4015.20,106.7,1.306417265,"5,245.5",139.4,Plan,https://www.ndrc.gov.cn/xxgk/zcfb/ghwb/201707/W020190905497930956563.pdf,,,,
CN,Shenzhen,Line 6,Line 6 (feeder),2018,2022,0,6.13,86.54%,5.305,0,0,4,,Media,"3,795.00",CNY,2018,0.2370,899.42,146.7,1.275269108,"1,147.0",187.1,Plan,http://fgw.sz.gov.cn/zwgk/qt/tzgg/201902/P020190226346098115982.pdf; https://www.sohu.com/a/224155978_729676,,,,
CN,Shenzhen,Line 3,Line 3 Phase 4,,2022,0,9.35,79.36%,7.42,0,0,7,,Plan,"10,785.00",CNY,2020,0.2390,2577.62,275.7,1.237308306,"3,189.3",341.1,Plan,https://www.ndrc.gov.cn/xxgk/zcfb/ghwb/201707/W020190905497930956563.pdf,,,,
CN,Shenzhen,Line 12,Line 12 Phase 2,2020,2022,0,8.05,100%,8.05,,,6,138,,"9,094.00",CNY,2021,0.2390,2173.47,270.0,1.181787652,"2,568.6",319.1,,https://huacheng.gz-cmc.com/pages/2020/09/02/12217064331742859f82edec5e61f9ff.html,,,,
CN,Shenzhen,Line 13,Line 13 Northern Extension,2021,,0,19.296,100%,19.296,,,11,184,,"27,880.00",CNY,2021,0.2390,6663.32,345.3,1.181787652,"7,874.6",408.1,Trade,http://www.rail-transit.com/project/show.php?itemid=537,,,,
CN,Shenzhen,Line 13,Line 13 Southern Extension,2020,2025,0,4.47,100.00%,4.47,0,0,3,,Plan,"4,962.00",CNY,2020,0.2390,1185.92,265.3,1.237308306,"1,467.3",328.3,Plan,https://www.ndrc.gov.cn/xxgk/zcfb/ghwb/201707/W020190905497930956563.pdf,,,,
CN,Shenzhen,Line 16,Line 16 Phase 2,not started,,0,9.53,100.00%,9.53,0,0,7,138,Plan,"10,995.00",CNY,2020,0.2390,2627.81,275.7,1.237308306,"3,251.4",341.2,Plan,https://www.ndrc.gov.cn/xxgk/zcfb/ghwb/201707/W020190905497930956563.pdf,,,,
CN,Shenzhen,Line 7,Line 7 Phase 2,not started,,0,2.45,100.00%,2.45,0,0,2,,Plan,"2,806.00",CNY,2020,0.2390,670.63,273.7,1.237308306,829.8,338.7,Plan,https://www.ndrc.gov.cn/xxgk/zcfb/ghwb/201707/W020190905497930956563.pdf,,,,
CN,Shenzhen,Line 8,Line 8 Phase 3,,2025,0,4.26,100.00%,4.26,0,0,,,Plan,"8,318.00",CNY,2020,0.2390,1988.00,466.7,1.237308306,"2,459.8",577.4,Plan,https://www.ndrc.gov.cn/xxgk/zcfb/ghwb/201707/W020190905497930956563.pdf,,,,
CN,Shenzhen,Line 11,Line 11 Phase 2,not started,,0,5.58,100.00%,5.58,0,0,3,,Plan,"6,634.00",CNY,2020,0.2390,1585.53,284.1,1.237308306,"1,961.8",351.6,Plan,https://www.ndrc.gov.cn/xxgk/zcfb/ghwb/201707/W020190905497930956563.pdf,,,,
CN,Shenzhen,Line 20,Line 20 Phase 1,2022,,0,8.43,100%,8.43,,,5,184,,"11,206.00",CNY,2021,0.2390,2678.23,317.7,1.181787652,"3,165.1",375.5,,http://www.rail-transit.com/project/show.php?itemid=557,http://fgw.sz.gov.cn/gkmlpt/content/8/8275/post_8275981.html#2647,,,
CN,Hangzhou,Line 1,Line 1 Phase 1,2007,2012,0,48,,,#N/A,#N/A,31,,Plan,"22,076.00",CNY,2007,0.3330,7351.31,153.2,1.544448303,"11,353.7",236.5,Plan,https://tieba.baidu.com/p/4042648134?red_tag=1976143705; https://www.sohu.com/a/277774667_180330; http://zzhz.zjol.com.cn/05zzhz/system/2007/01/10/008096707.shtml,,,,
CN,Nanjing,Line 1,Line 1 Phase 1,2000,2005,0,21.72,65.98%,14.33,6.05,1.552,16,,Media,"8,500.00",CNY,2000,0.3670,3119.50,143.6,1.859634146,"5,801.1",267.1,Media,https://baike.baidu.com/item/%E5%8D%97%E4%BA%AC%E5%9C%B0%E9%93%811%E5%8F%B7%E7%BA%BF,,,,
CN,Wuhan,Line 1,Line 1 Phase 1,2000,2003,0,10.234,0.00%,0,10.23,0,10,78,Wiki,"2,199.00",CNY,2000,0.3670,807.03,78.9,1.859634146,"1,500.8",146.6,Media,https://zh.wikipedia.org/wiki/%E6%AD%A6%E6%B1%89%E8%BD%A8%E9%81%93%E4%BA%A4%E9%80%9A1%E5%8F%B7%E7%BA%BF#%E4%B8%80%E6%9C%9F%E5%B7%A5%E7%A8%8B; https://baike.baidu.com/item/%E6%AD%A6%E6%B1%89%E5%9C%B0%E9%93%811%E5%8F%B7%E7%BA%BF/,,,,
CN,Wuhan,Line 1,Line 1 Phase 2,2005,2010,0,18.25,0.00%,0,18.25,0,16,,Media,"4,649.80",CNY,2005,0.3519,1636.26,89.7,1.639677419,"2,682.9",147.0,Media,https://zh.wikipedia.org/wiki/%E6%AD%A6%E6%B1%89%E8%BD%A8%E9%81%93%E4%BA%A4%E9%80%9A1%E5%8F%B7%E7%BA%BF#%E4%B8%80%E6%9C%9F%E5%B7%A5%E7%A8%8B; https://baike.baidu.com/item/%E6%AD%A6%E6%B1%89%E5%9C%B0%E9%93%811%E5%8F%B7%E7%BA%BF/,,,,
CN,Wuhan,Line 1,Line 1 Phase 3 Hankou North,2011,2013,0,5.7,0.00%,0,5.7,0,3,,Media,"2,361.00",CNY,2011,0.2840,670.52,117.6,1.423625961,954.6,167.5,Media,https://zh.wikipedia.org/wiki/%E6%AD%A6%E6%B1%89%E8%BD%A8%E9%81%93%E4%BA%A4%E9%80%9A1%E5%8F%B7%E7%BA%BF#%E4%B8%80%E6%9C%9F%E5%B7%A5%E7%A8%8B_ http://www.whtpi.com/Service/22/1645.html,,,,
CN,Hefei,Line 2,Line 2 Eastern Extension,2020,2024,0,14.5,100%,14.5,,,11,117,,"9,702.00",CNY,2020,0.2390,2318.78,159.9,1.237308306,"2,869.0",197.9,Trade,http://www.rail-transit.com/project/show.php?itemid=563,,,,
CN,Hefei,Line 3,Line 3 Southern Extension,2020,2024,0,11.25,100%,11.25,,,8,117,,"9,103.00",CNY,2020,0.2390,2175.62,193.4,1.237308306,"2,691.9",239.3,Trade,http://www.rail-transit.com/project/show.php?itemid=564,,,,
CN,Hefei,Line 4,Line 4 Southern Extension,2022,,0,13.97,47%,6.55,,,8,117,,"7,396.00",CNY,2020,0.2390,1767.64,126.5,1.237308306,"2,187.1",156.6,Trade,http://www.rail-transit.com/project/show.php?itemid=582,,,,
CN,Hefei,Line 6,Line 6 Phase 1,2021,,0,27.5,100%,27.5,,,17,117,,"20,983.60",CNY,2021,0.2390,5015.08,182.4,1.181787652,"5,926.8",215.5,Trade,http://www.rail-transit.com/project/show.php?itemid=325,,,,
CN,Hefei,Line 7,Line 7 Phase 1,not started,,0,21,100.00%,21,0,0,17,,Plan,"16,881.00",CNY,2020,0.2390,4034.56,192.1,1.237308306,"4,992.0",237.7,Plan,http://zfxxgk.ndrc.gov.cn/web/iteminfo.jsp?id=16921,,,,
CN,Hefei,Line 8,Line 8 Phase 1,not started,,0,23,100.00%,23,0,0,12,,Plan,"16,201.00",CNY,2020,0.2390,3872.04,168.3,1.237308306,"4,790.9",208.3,Plan,http://zfxxgk.ndrc.gov.cn/web/iteminfo.jsp?id=16921,,,,
CN,Kunming,Line 1,Line 1 Phase 1 and Line 2 Phase 1,2010,2014,0,42.1,69.83%,29.4,12.09,0.961,31,,Plan,"23,137.00",CNY,2010,0.3000,6941.10,164.9,1.468563121,"10,193.4",242.1,Media,https://www.kankanyn.com/jianwen/34919.html,,,,
CN,Shanghai,Line 1,Line 1 Western Extension,,,0,1.2,0.00%,0,0,0,1,,Plan,"3,575.00",CNY,2018,0.2370,847.28,706.1,1.275269108,"1,080.5",900.4,Plan,https://www.ndrc.gov.cn/fggz/zcssfz/zcgh/201812/W020190910670719961874.pdf,,,,
CN,Shanghai,Line 20,Line 20 Phase 1,,,0,19.8,100.00%,19.8,0,0,16,,Plan,"39,354.00",CNY,2018,0.2370,9326.90,471.1,1.275269108,"11,894.3",600.7,Plan,https://www.ndrc.gov.cn/fggz/zcssfz/zcgh/201812/W020190910670719961874.pdf,,,,
CN,Beijing,Line 28,Line 28,2017,2021,0,8.777,100.00%,8.777,0,0,9,,Media,"12,750.00",CNY,2019,0.2380,3034.50,345.7,1.252572783,"3,800.9",433.1,Media,http://www.tzxm.gov.cn/flfg/law/201912/t20191220_12825.html; https://new.qq.com/rain/a/20200812A0UGAJ00,,,,
CN,Wuhan,Line 11,Line 11 Phase 3,,,0,9.9,100.00%,9.9,0,0,6,,Plan,"13,515.00",CNY,2019,0.2380,3216.57,324.9,1.252572783,"4,029.0",407.0,Plan,http://www.gov.cn/xinwen/2019-01/06/5355294/files/c3d503decf1d4b6b924324b210ee0f1a.pdf,,,,
CN,Shanghai,Line 19,Line 19,,,0,44.5,100.00%,44.5,0,0,32,,Plan,"60,524.00",CNY,2018,0.2370,14344.19,322.3,1.275269108,"18,292.7",411.1,Plan,https://www.ndrc.gov.cn/fggz/zcssfz/zcgh/201812/t20181219_1145778.html; http://shanghai.metrofans.cn/thread-443669-1-1.html,,,,
CN,Shanghai,Line 21,Line 21 Phase 1,,,0,28,100.00%,28,0,0,16,,Plan,"36,956",CNY,2018,0.2370,8758.57,312.8,1.275269108,"11,169.5",398.9,Plan,https://www.ndrc.gov.cn/fggz/zcssfz/zcgh/201812/W020190910670719961874.pdf; https://baike.baidu.com/item/%E4%B8%8A%E6%B5%B7%E5%9C%B0%E9%93%8121%E5%8F%B7%E7%BA%BF,,,,
CN,Shanghai,Line 13,Line 13 Western Extension,,,0,9.8,100.00%,9.8,0,0,5,,Plan,"12,629.00",CNY,2018,0.2370,2993.07,305.4,1.275269108,"3,817.0",389.5,Plan,https://www.ndrc.gov.cn/fggz/zcssfz/zcgh/201812/W020190910670719961874.pdf,,,,
CN,Beijing,Line 11,Line 11 West,2019,2021,0,4.2,100%,4.2,,,4,138,,"5,715.00",CNY,2020,0.2390,1365.89,325.2,1.237308306,"1,690.0",402.4,Trade,http://www.rail-transit.com/project/show.php?itemid=360,,,,
CN,Shanghai,Line 23,Line 23 Phase 1,,,0,28,100.00%,28,0,0,22,,Plan,"33,729.00",CNY,2018,0.2370,7993.77,285.5,1.275269108,"10,194.2",364.1,Plan,https://www.ndrc.gov.cn/fggz/zcssfz/zcgh/201812/W020190910670719961874.pdf,,,,
CN,Shenzhen,Line 13,Line 13,2021,,0,22.436,100%,22.436,,,16,184,,"23,371.00",CNY,2021,0.2390,5585.67,249.0,1.181787652,"6,601.1",294.2,Trade,http://www.rail-transit.com/project/show.php?itemid=75,,,,
CN,Beijing,Line 3,Line 3 Phase 1+2,2016,2021,0,37.4,55.61%,20.8,0,0,27,,Plan,"41,500.00",CNY,2015,0.2580,10707.00,286.3,1.351080302,"14,466.0",386.8,Plan,http://www.gov.cn/xinwen/2018-02/18/content_5267552.htm; https://zh.m.wikisource.org/zh-hans/%E5%8C%97%E4%BA%AC%E5%B8%82%E5%9F%8E%E5%B8%82%E8%BD%A8%E9%81%93%E4%BA%A4%E9%80%9A%E7%AC%AC%E4%BA%8C%E6%9C%9F%E5%BB%BA%E8%AE%BE%E8%A7%84%E5%88%92%EF%BC%882015%EF%BD%9E2021%E5%B9%B4%EF%BC%89,,,,
CN,Beijing,Line 12,Line 12,2017,2021,0,29.2,100.00%,29.2,0,0,21,,Plan,"32,400.00",CNY,2015,0.2580,8359.20,286.3,1.351080302,"11,294.0",386.8,Media,https://zh.wikisource.org/zh-hans/%E5%8C%97%E4%BA%AC%E5%B8%82%E5%9F%8E%E5%B8%82%E8%BD%A8%E9%81%93%E4%BA%A4%E9%80%9A%E7%AC%AC%E4%BA%8C%E6%9C%9F%E5%BB%BA%E8%AE%BE%E8%A7%84%E5%88%92%EF%BC%882015%EF%BD%9E2021%E5%B9%B4%EF%BC%89,,,,
CN,Guangzhou,Line 13,Line 13 Phase 2,2019,,0,33.5,100%,33.5,,,23,184,,"41,085.00",CNY,2019,0.2380,9778.23,291.9,1.252572783,"12,247.9",365.6,,http://www.rail-transit.com/project/show.php?itemid=350,,,,
CN,Guangzhou,Line 10,Line 10,2017,2022,0,19.41,100%,19.41,,,14,117,,"23,143.00",CNY,2020,0.2390,5531.18,285.0,1.237308306,"6,843.8",352.6,Trade,http://www.rail-transit.com/project/show.php?itemid=151,,,,
CN,Shenzhen,Line 12,Line 12,2017,2022,0,40,100.00%,40,0,0,33,,Plan,"38,140.00",CNY,2017,0.2390,9115.46,227.9,1.306417265,"11,908.6",297.7,Plan,https://www.ndrc.gov.cn/xxgk/zcfb/ghwb/201707/W020190905497930956563.pdf,,,,
CN,Beijing,Line 8,Line 8 Phase 4,2016,2018,0,3.4,29.08%,0.9886,2.414,0,2,,Wiki,"3,420.00",CNY,2015,0.2580,882.36,259.5,1.351080302,"1,192.1",350.6,Media,https://zh.wikipedia.org/wiki/%E5%8C%97%E4%BA%AC%E5%9C%B0%E9%93%818%E5%8F%B7%E7%BA%BF#%E4%B8%89%E6%9C%9F%E5%8F%8A%E5%9B%9B%E6%9C%9F%E5%B7%A5%E7%A8%8B,,,,
CN,Chengdu,Line 18,Line 18 Phase 3,2019,2024,0,14.29,100.00%,14.29,0,0,7,,Plan,"14,656.00",CNY,2019,0.2380,3488.13,244.1,1.252572783,"4,369.1",305.7,Plan,https://www.ndrc.gov.cn/xxgk/zcfb/ghwb/201908/W020190905497973740066.pdf,,,,
CN,Tianjin,M8,M8 Phase 1,2017,2020,0,20,100.00%,20,0,0,18,,Plan,"20,053.00",CNY,2015,0.2580,5173.67,258.7,1.351080302,"6,990.0",349.5,Media,https://wenku.baidu.com/view/801ab19a8ad63186bceb19e8b8f67c1cfbd6ee6e.html,,,,
CN,Beijing,Line 19,Line 19 Phase 1,2017,2021,0,22.4,100.00%,22.4,0,0,10,,Plan,"22,180.00",CNY,2015,0.2580,5722.44,255.5,1.351080302,"7,731.5",345.2,Media,https://zh.wikisource.org/zh-hans/%E5%8C%97%E4%BA%AC%E5%B8%82%E5%9F%8E%E5%B8%82%E8%BD%A8%E9%81%93%E4%BA%A4%E9%80%9A%E7%AC%AC%E4%BA%8C%E6%9C%9F%E5%BB%BA%E8%AE%BE%E8%A7%84%E5%88%92%EF%BC%882015%EF%BD%9E2021%E5%B9%B4%EF%BC%89,,,,
CN,Beijing,Line 17,Line 17,2015,2022,0,49.7,100%,49.7,,,20,184,,"51,085.00",CNY,2019,0.2380,12158.23,244.6,1.252572783,"15,229.1",306.4,Trade,http://www.rail-transit.com/project/show.php?itemid=92,,,,
CN,Beijing,Line 16,Line 16,2013,2021,0,49.8,100.00%,49.8,0,0,29,,Media,"49,500",CNY,2013,0.2730,13513.50,271.4,1.374627077,"18,576.0",373.0,Media,http://www.bjnews.com.cn/news/2016/11/25/424943.html; https://baijiahao.baidu.com/s?id=1633332748114018963&wfr=spider&for=pc,,,,
CN,Beijing,Line 25,Line 25 Phase 2 (Fangshan Northern Extension),2017,2020,0,5,,,#N/A,#N/A,4,,Plan,"4,860.00",CNY,2015,0.2580,1253.88,250.8,1.351080302,"1,694.1",338.8,Media,https://zh.wikisource.org/zh-hans/%E5%8C%97%E4%BA%AC%E5%B8%82%E5%9F%8E%E5%B8%82%E8%BD%A8%E9%81%93%E4%BA%A4%E9%80%9A%E7%AC%AC%E4%BA%8C%E6%9C%9F%E5%BB%BA%E8%AE%BE%E8%A7%84%E5%88%92%EF%BC%882015%EF%BD%9E2021%E5%B9%B4%EF%BC%89,,,,
CN,Tianjin,M10,M10 Phase 1,2018,2022,0,21.22,100%,21.22,,,21,117,,"22,069.00",CNY,2020,0.2390,5274.49,248.6,1.237308306,"6,526.2",307.5,Trade,http://www.rail-transit.com/project/show.php?itemid=316,,,,
CN,Tianjin,M7,M7 Phase 1,2019,,0,26.53,100%,26.53,,,21,138,,"26,890.00",CNY,2019,0.2380,6399.82,241.2,1.252572783,"8,016.2",302.2,Trade,http://www.rail-transit.com/project/show.php?itemid=154,,,,
CN,Wuhan,Line 12,Line 12 (Ring),2020,2024,0,59.9,100.00%,59.9,0,0,37,,Plan,"58,387.00",CNY,2018,0.2370,13837.72,231.0,1.275269108,"17,646.8",294.6,Plan,http://www.gov.cn/xinwen/2019-01/06/5355294/files/c3d503decf1d4b6b924324b210ee0f1a.pdf,,,,
CN,Nanchang,Line 2,Line 2 Eastern Extension,2021,,0,10.42,100%,10.42,,,9,117,,"10,301.00",CNY,2021,0.2390,2461.94,236.3,1.181787652,"2,909.5",279.2,Trade,http://www.rail-transit.com/project/show.php?itemid=392,,,,
CN,Chengdu,Line 8,Line 8 Phase 2,2019,2024,0,7.83,100.00%,7.83,0,0,7,,Plan,"7,452.00",CNY,2019,0.2380,1773.58,226.5,1.252572783,"2,221.5",283.7,Plan,https://www.ndrc.gov.cn/xxgk/zcfb/ghwb/201908/W020190905497973740066.pdf,,,,
CN,Tianjin,M11,M11 Phase 1,2019,,0,22.6,100%,22.6,,,21,117,,"23,789.00",CNY,2019,0.2380,5661.78,250.5,1.252572783,"7,091.8",313.8,Trade,http://www.rail-transit.com/project/show.php?itemid=155,,,,
CN,Shenzhen,Line 16,Line 16,2018,2023,0,27.6,100.00%,27.6,0,0,24,,Media,"27,530.00",CNY,2017,0.2390,6579.67,238.4,1.306417265,"8,595.8",311.4,Plan,https://www.ndrc.gov.cn/xxgk/zcfb/ghwb/201707/W020190905497930956563.pdf,,,,
CN,Guangzhou,Line 12,Line 12,2018,2023,0,37.6,100%,37.6,,,25,138,,"37,500.00",CNY,2020,0.2390,8962.50,238.4,1.237308306,"11,089.4",294.9,Trade,http://www.rail-transit.com/project/show.php?itemid=252,,,,
CN,Beijing,Line 7,Line 7 Phase 2 (Eastern Extension),2016,2020,0,17.2,87.21%,15,0,0,9,,Plan,"15,330.00",CNY,2016,0.2510,3847.83,223.7,1.334248584,"5,134.0",298.5,Media,https://zh.wikisource.org/zh-hans/%E5%8C%97%E4%BA%AC%E5%B8%82%E5%9F%8E%E5%B8%82%E8%BD%A8%E9%81%93%E4%BA%A4%E9%80%9A%E7%AC%AC%E4%BA%8C%E6%9C%9F%E5%BB%BA%E8%AE%BE%E8%A7%84%E5%88%92%EF%BC%882015%EF%BD%9E2021%E5%B9%B4%EF%BC%89,,,,
CN,Wuhan,Line 2,Line 2 Southern Extension,,,0,13.35,100.00%,13.35,0,0,10,,Media,"16,017.00",CNY,2014,0.2660,4260.52,319.1,1.352684002,"5,763.1",431.7,Media,https://baike.baidu.com/reference/17605858/8a2eRI10Oo3jPyB3RZawIu33fUj3OmCx5fKTFCUCJXoq4BKXZ94NcZoLUG7NPyweTNKYwYHoa5qBIK1P24XE4PGoXEqagKR9-p1ks_BmNh00igM,,,,
CN,Hangzhou,Line 9,Line 9 Phase 1,2017,2022,0,17.8,,,#N/A,#N/A,14,,Plan,"15,657.00",CNY,2016,0.2510,3929.91,220.8,1.334248584,"5,243.5",294.6,Plan,https://www.ndrc.gov.cn/xxgk/zcfb/ghwb/201612/W020190905497886107757.pdf,,,,
CN,Shanghai,Jiamin Line,Jiamin Line,2021,2027,1,41.36,94%,38.68,,,17,184,,"39,900.00",CNY,2021,0.2390,9536.10,230.6,1.181787652,"11,269.6",272.5,Trade,http://www.rail-transit.com/project/show.php?itemid=343,https://www.seetao.com/details/82868.html,,,
CN,Beijing,Line 27,Line 27 Phase 2 (Changping Southern Extension),2019,2021,0,16.6,,,#N/A,#N/A,8,,Plan,"14,230.00",CNY,2015,0.2580,3671.34,221.2,1.351080302,"4,960.3",298.8,Media,https://zh.wikisource.org/zh-hans/%E5%8C%97%E4%BA%AC%E5%B8%82%E5%9F%8E%E5%B8%82%E8%BD%A8%E9%81%93%E4%BA%A4%E9%80%9A%E7%AC%AC%E4%BA%8C%E6%9C%9F%E5%BB%BA%E8%AE%BE%E8%A7%84%E5%88%92%EF%BC%882015%EF%BD%9E2021%E5%B9%B4%EF%BC%89,,,,
CN,Nanjing,Line 5,Line 5,2021,,0,37.4,100%,37.4,,,30,138,,"33,458.00",CNY,2021,0.2390,7996.46,213.8,1.181787652,"9,450.1",252.7,Trade,http://www.rail-transit.com/project/show.php?itemid=105,,,,
CN,Tianjin,B1,B1 Phase 1,2021,,0,31.6,,,,,22,117,,"29,560.00",CNY,2021,0.2390,7064.84,223.6,1.181787652,"8,349.1",264.2,Media,http://news.enorth.com.cn/system/2021/04/23/051305652.shtml,,,,
CN,Shenzhen,Line 14,Line 14,2020,,0,50.34,100%,50.34,,,17,184,,"41,005.00",CNY,2020,0.2390,9800.20,194.7,1.237308306,"12,125.9",240.9,Trade,http://www.rail-transit.com/project/show.php?itemid=175,,,,
CN,Beijing,Line 6,Line 6 Phase 1,2008,2012,0,30.4,100%,30.4,,,20,156,Wiki,"28,000.00",CNY,2010,0.3000,8400.00,276.3,1.468563121,"12,335.9",405.8,Media,http://zqb.cyol.com/html/2012-12/31/nw.D110000zgqnb_20121231_3-06.htm,,,,
CN,Changsha,Line 6,Line 6 Central,2017,2021,0,26.5,100.00%,26.5,0,0,20,,Plan,"22,360.00",CNY,2017,0.2390,5344.04,201.7,1.306417265,"6,981.5",263.5,Plan,https://www.ndrc.gov.cn/xxgk/zcfb/ghwb/201703/W020190905497919692262.pdf,,,,
CN,Nanjing,Line 1,Line 1 Northern Extension,2021,,0,6.54,92%,6.04,,,5,138,,"8,180.00",CNY,2021,0.2390,1955.02,298.9,1.181787652,"2,310.4",353.3,Trade,http://www.rail-transit.com/project/show.php?itemid=265,,,,
CN,Hangzhou,Line 10,Line 10 Phase 1,,2021,0,15.184,100%,15.184,,,12,138,,"15,702.00",CNY,2021,0.2390,3752.78,247.2,1.181787652,"4,435.0",292.1,Trade,http://www.rail-transit.com/project/show.php?itemid=133,,,,
CN,Wuhan,Line 8,Line 8 Phase 2,2016,2021,0,17.6,100%,17.6,,,12,184,,"14,670.00",CNY,2018,0.2370,3476.79,197.5,1.275269108,"4,433.8",251.9,Trade,http://www.rail-transit.com/project/show.php?itemid=272,,,,
CN,Changsha,Line 7,Line 7 Phase 1,2017,2021,0,21.6,100.00%,21.6,0,0,16,,Plan,"18,132.00",CNY,2017,0.2390,4333.55,200.6,1.306417265,"5,661.4",262.1,Plan,https://www.ndrc.gov.cn/xxgk/zcfb/ghwb/201703/W020190905497919692262.pdf,,,,
CN,Nanchang,Line 3,Line 3,,2021,0,28.5,100%,28.5,,,22,117,,"22,347.00",CNY,2021,0.2390,5340.93,187.4,1.181787652,"6,311.8",221.5,Trade,http://www.rail-transit.com/project/show.php?itemid=206,,,,
CN,Xiamen,Line 6,Line 6,2017,2022,0,44.5,100.00%,44.5,0,0,27,,Plan,"36,464.00",CNY,2016,0.2510,9152.46,205.7,1.334248584,"12,211.7",274.4,Plan,http://www.gov.cn/xinwen/2016-10/13/5118393/files/fc4eeffb973d4e0297ef1fb6bcaa4e73.pdf,,,,
CN,Nanjing,Line 4,Line 4 Phase 2,2021,2025,0,10,100%,10,,,6,117,,"8,810.00",CNY,2021,0.2390,2105.59,210.6,1.181787652,"2,488.4",248.8,Trade,http://www.rail-transit.com/project/show.php?itemid=331,,,,
CN,Wuhan,Line 19,Line 19,,,0,20.6,100.00%,20.6,0,0,6,,Plan,"17,190.00",CNY,2018,0.2370,4074.03,197.8,1.275269108,"5,195.5",252.2,Plan,http://www.gov.cn/xinwen/2019-01/06/5355294/files/c3d503decf1d4b6b924324b210ee0f1a.pdf,,,,
CN,Nanjing,Line 10,Line 10 Phase 2,2020,2023,0,13.33,100%,13.33,,,10,138,,"10,508.00",CNY,2021,0.2390,2511.41,188.4,1.181787652,"2,968.0",222.7,Trade,http://www.rail-transit.com/project/show.php?itemid=359,,,,
CN,Guangzhou,Line 14,Line 14 Phase 2,2017,2021,0,11.6,100.00%,11.6,0,0,7,,Plan,"9,494.00",CNY,2017,0.2390,2269.07,195.6,1.306417265,"2,964.3",255.5,Plan,http://www.gov.cn/xinwen/2017-03/23/5180079/files/d764253433a944c0a620def88bf6f446.pdf,,,,
CN,Chengdu,Line 13,Line 13 Phase 1,2019,2024,0,28.85,91.16%,26.3,0,0,19,,Plan,"23,644.00",CNY,2019,0.2380,5627.27,195.1,1.252572783,"7,048.6",244.3,Plan,https://www.ndrc.gov.cn/xxgk/zcfb/ghwb/201908/W020190905497973740066.pdf,,,,
CN,Nanning,Line 5,Line 5 Phase 1,,2021,0,20.22,100%,20.22,,,17,117,,"16,400.00",CNY,2021,0.2390,3919.60,193.8,1.181787652,"4,632.1",229.1,Trade,http://www.rail-transit.com/project/show.php?itemid=42,,,,
CN,Shanghai,Line 8,Line 8 Phase 1,,2009,0,23.22,100.00%,23.22,0,0,22,,Media,"14,493.00",CNY,2001,0.3680,5333.42,229.7,1.808181818,"9,643.8",415.3,Media,https://zh.wikipedia.org/wiki/%E4%B8%8A%E6%B5%B7%E8%BD%A8%E9%81%93%E4%BA%A4%E9%80%9A8%E5%8F%B7%E7%BA%BF,,,,
CN,Guangzhou,Line 22,Line 22,2017,2021,1,31,100%,31,,,6,184,,"26,400.00",CNY,2020,0.2390,6309.60,203.5,1.237308306,"7,806.9",251.8,Trade,http://www.rail-transit.com/project/show.php?itemid=171,,,,
CN,Beijing,Line 22,Line 22,2019,2022,0,78.6,62.00%,48.5,0,0,20,,Plan,"63,930.00",CNY,2019,0.2380,15215.34,193.6,1.252572783,"19,058.3",242.5,Plan,http://www.tzxm.gov.cn/flfg/law/201912/t20191220_12825.html,,,,
CN,Guangzhou,Line 5,Line 5 Eastern Extension,2018,2022,0,9.7,100.00%,9.7,0,0,6,,Plan,"7,862.00",CNY,2017,0.2390,1879.02,193.7,1.306417265,"2,454.8",253.1,Plan,http://www.gov.cn/xinwen/2017-03/23/5180079/files/d764253433a944c0a620def88bf6f446.pdf,,,,
CN,Hangzhou,Line 6,Line 6 Phase 2,2017,2022,0,8.366,100%,8.366,,,5,117,,"6,226.00",CNY,2020,0.2390,1488.01,177.9,1.237308306,"1,841.1",220.1,Trade,http://www.rail-transit.com/project/show.php?itemid=138,,,,
CN,Xiamen,Line 2,Line 2 Phase 2,2016,2020,0,15.5,100.00%,15.5,0,0,9,,Plan,"12,218.00",CNY,2016,0.2510,3066.72,197.9,1.334248584,"4,091.8",264.0,Plan,http://www.gov.cn/xinwen/2016-10/13/5118393/files/fc4eeffb973d4e0297ef1fb6bcaa4e73.pdf,,,,
CN,Zhengzhou,Line 14,Line 14 Phase 1,,,0,8.3,100.00%,8.3,0,0,6,,Plan,"6,684.00",CNY,2019,0.2380,1590.79,191.7,1.252572783,"1,992.6",240.1,Plan,https://www.ndrc.gov.cn/fggz/zcssfz/zcgh/201904/W020190910670741123314.pdf,,,,
CN,Zhengzhou,Line 6,Line 6 Phase 1,,,0,36.5,92.33%,33.7,2.51,0.41,24,,Plan,"29,304.00",CNY,2019,0.2380,6974.35,191.1,1.252572783,"8,735.9",239.3,Plan,https://www.ndrc.gov.cn/fggz/zcssfz/zcgh/201904/W020190910670741123314.pdf,,,,
CN,Fuzhou,Line 5,Line 5 Phase 1,2020,,0,27.7,100%,27.7,,,20,117,,"21,786.00",CNY,2020,0.2390,5206.85,188.0,1.237308306,"6,442.5",232.6,Trade,http://www.rail-transit.com/project/show.php?itemid=33,,,,
CN,Nanjing,Line 9,Line 9 Line 5,2016,2020,0,19.677,100%,19.677,,,16,117,,"21,250.00",CNY,2018,0.2370,5036.25,255.9,1.275269108,"6,422.6",326.4,Trade,http://www.rail-transit.com/project/show.php?itemid=365,,,,
CN,Changsha,Line 5,Line 5 South Extension,2018,2022,0,8.43,100.00%,8.43,0,0,7,,Plan,"6,727.00",CNY,2017,0.2390,1607.75,190.7,1.306417265,"2,100.4",249.2,Plan,https://www.ndrc.gov.cn/xxgk/zcfb/ghwb/201703/W020190905497919692262.pdf,,,,
CN,Wuhan,Line 5,Line 5,2017,2021,0,33.59,75%,25.33,,,26,138,,"23,266.00",CNY,2019,0.2380,5537.31,164.8,1.252572783,"6,935.9",206.5,Trade,http://www.rail-transit.com/project/show.php?itemid=200,,,,
CN,Chongqing,Line 5,Line 5 Northern Extension,2019,2024,0,8.95,100%,8.95,,,7,117,,"8,900.00",CNY,2021,0.2390,2127.10,237.7,1.181787652,"2,513.8",280.9,Trade,http://www.rail-transit.com/project/show.php?itemid=356,,,,
CN,Beijing,Line 13,Line 13A,2019,2022,0,30.2,60.26%,18.2,12.08,0,18,,Plan,"23,960.00",CNY,2019,0.2380,5702.48,188.8,1.252572783,"7,142.8",236.5,Plan,http://www.tzxm.gov.cn/flfg/law/201912/t20191220_12825.html; https://baijiahao.baidu.com/s?id=1636643464335769195&wfr=spider&for=pc,,,,
CN,Zhengzhou,Line 7,Line 7 Phase 1,,,0,26.9,100.00%,26.9,0,0,20,,Plan,"21,158.00",CNY,2019,0.2380,5035.60,187.2,1.252572783,"6,307.5",234.5,Plan,https://www.ndrc.gov.cn/fggz/zcssfz/zcgh/201904/W020190910670741123314.pdf,,,,
CN,Changchun,Line 5,Line 5 Phase 1,2021,,0,19.567,100%,19.567,,,18,117,,"20,000.00",CNY,2019,0.2380,4760.00,243.3,1.252572783,"5,962.2",304.7,Plan,http://www.rail-transit.com/project/show.php?itemid=531,,,,
CN,Wuhan,Line 11,Line 11 East,2017,2021,0,32.1,100.00%,32.1,0,0,20,,Plan,"24,620.00",CNY,2015,0.2580,6351.96,197.9,1.351080302,"8,582.0",267.4,Plan,http://img.thupdi.com/news/2015/08/1440573393290975.pdf,,,,
CN,Nanjing,Line 2,Line 2 Western Extension,2017,2020,0,5.6,100.00%,5.6,0,0,4,,Plan,"4,280.00",CNY,2015,0.2580,1104.24,197.2,1.351080302,"1,491.9",266.4,Plan,https://www.ndrc.gov.cn/fggz/zcssfz/zcgh/201505/W020190910670534928118.pdf,,,,
CN,Nanning,Line 2,Line 2 Eastern Extension,2017,2021,0,6.5,100.00%,6.5,0,0,4,117,Media,"4,898.00",CNY,2017,0.2390,1170.62,180.1,1.306417265,"1,529.3",235.3,Media,http://www.nngdjt.com/html/4061/8670.html,,,,
CN,Nanjing,Line 7,Line 7,2019,,0,35.49,100%,35.49,,,27,117,,"30,186.00",CNY,2019,0.2380,7184.27,202.4,1.252572783,"8,998.8",253.6,Trade,http://www.rail-transit.com/project/show.php?itemid=188,,,,
CN,Fuzhou,Line 4,Line 4 Phase 1,2017,2021,0,24.2,100.00%,24.2,0,0,21,,Plan,"18,436.00",CNY,2015,0.2580,4756.49,196.5,1.351080302,"6,426.4",265.6,Plan,https://www.ndrc.gov.cn/fggz/zcssfz/zcgh/201601/t20160112_1145713.html,,,,
CN,Chengdu,Line 30,Line 30 Phase 1,2019,2024,0,24.78,100.00%,24.78,0,0,24,117,Plan,"19,112.00",CNY,2019,0.2380,4548.66,183.6,1.252572783,"5,697.5",229.9,Plan,https://www.ndrc.gov.cn/xxgk/zcfb/ghwb/201908/W020190905497973740066.pdf,,,,
CN,Beijing,Line 7,Line 7 Phase 1,2009,2014,0,23.7,100.00%,23.7,0,0,21,,Plan,"16,000.00",CNY,2014,0.2660,4256.00,179.6,1.352684002,"5,757.0",242.9,Media,http://bj.bendibao.com/news/20141120/171344.shtm,,,,
CN,Nanchang,Line 4,Line 4 Phase 1,2016,2021,0,38.2,84.29%,32.2,0,0,29,,Plan,"28,650.00",CNY,2015,0.2580,7391.70,193.5,1.351080302,"9,986.8",261.4,Plan,http://zfxxgk.ndrc.gov.cn/web/iteminfo.jsp?id=316,,,,
CN,Xi'an,Line 8,Line 8,,,0,50,100.00%,50,0,0,35,,Plan,"38,286.00",CNY,2019,0.2380,9112.07,182.2,1.252572783,"11,413.5",228.3,Plan,https://www.ndrc.gov.cn/fggz/zcssfz/zcgh/201907/W020190910670748591840.pdf,,,,
CN,Hangzhou,Line 4,Line 4 Phase 2,2017,2022,0,23.9,100%,23.9,,,15,117,,"20,686.00",CNY,2020,0.2390,4943.95,206.9,1.237308306,"6,117.2",255.9,Trade,http://www.rail-transit.com/project/show.php?itemid=137,,,,
CN,Guangzhou,Line 8,Line 8 Northern Extension,2017,2023,0,20,57%,11.3,,,9,138,,"15,083.00",CNY,2020,0.2390,3604.84,180.2,1.237308306,"4,460.3",223.0,Plan,https://www.ndrc.gov.cn/fggz/zcssfz/zcgh/201703/W020190910670680927090.pdf,,,,
CN,Changsha,Line 6,Line 6 West,2018,2022,0,10.05,100.00%,10.05,0,0,7,,Plan,"7,565.00",CNY,2017,0.2390,1808.04,179.9,1.306417265,"2,362.0",235.0,Plan,https://www.ndrc.gov.cn/xxgk/zcfb/ghwb/201703/W020190905497919692262.pdf,,,,
CN,Hangzhou,Line 8,Line 8 Phase 1,2018,2022,0,17.1,100%,17.1,,,9,138,,"13,526.00",CNY,2020,0.2390,3232.71,189.0,1.237308306,"3,999.9",233.9,Trade,http://www.rail-transit.com/project/show.php?itemid=134,,,,
CN,Guangzhou,Line 7,Line 7 Phase 2,2018,2022,0,21.8,100.00%,21.8,0,0,11,,Plan,"16,235.00",CNY,2017,0.2390,3880.17,178.0,1.306417265,"5,069.1",232.5,Plan,http://www.gov.cn/xinwen/2017-03/23/5180079/files/d764253433a944c0a620def88bf6f446.pdf,,,,
CN,Suzhou,Line 7,Line 7,2021,,0,29.6,100%,29.6,,,25,117,,"21,993.00",CNY,2021,0.2390,5256.33,177.6,1.181787652,"6,211.9",209.9,Trade,http://www.rail-transit.com/project/show.php?itemid=321,,,,
CN,Guangzhou,Line 18,Line 18,2017,2023,1,62.5,100%,62.5,,,9,184,,"48,600.00",CNY,2020,0.2390,11615.40,185.8,1.237308306,"14,371.8",229.9,Trade,http://www.rail-transit.com/project/show.php?itemid=170,http://www.gov.cn/xinwen/2017-03/23/content_5180079.htm,,,
CN,Shenyang,Line 6,Line 6 Phase 1,2020,2026,0,36,,,#N/A,#N/A,32,,Plan,"26,350.00",CNY,2019,0.2380,6271.30,174.2,1.252572783,"7,855.3",218.2,Media,http://www.shenyangbus.com/a/sydt/2018/1227/10268.html,,,,
CN,Chengdu,Line 17,Line 17 Phase 2,2019,2024,0,27.6,100.00%,27.6,0,0,17,,Plan,"20,014.00",CNY,2019,0.2380,4763.33,172.6,1.252572783,"5,966.4",216.2,Plan,https://www.ndrc.gov.cn/xxgk/zcfb/ghwb/201908/W020190905497973740066.pdf,,,,
CN,Nanning,Line 4,Line 4 Phase 1,,2020,0,24.98,100%,24.98,,,19,117,,"17,330.00",CNY,2020,0.2390,4141.87,165.8,1.237308306,"5,124.8",205.2,Trade,http://www.rail-transit.com/project/show.php?itemid=211,,,,
CN,Nanning,Line 3,Line 3 Phase1,2015,2019,0,27.7,100.00%,27.7,0,0,23,117,Plan,"19,343.00",CNY,2015,0.2580,4990.49,180.2,1.351080302,"6,742.6",243.4,Media,http://www.nngdjt.com/html/4061/6290.html,,,,
CN,Guiyang,Line 3,Line 3 Phase 1,2018,2023,0,43.135,100.00%,43.135,0,0,29,,Media,"31,545.00",CNY,2017,0.2390,7539.26,174.8,1.306417265,"9,849.4",228.3,Media,https://baike.baidu.com/item/%E8%B4%B5%E9%98%B3%E8%BD%A8%E9%81%93%E4%BA%A4%E9%80%9A3%E5%8F%B7%E7%BA%BF/16024214#reference-[2]-15957490-wrap,,,,
CN,Hefei,Line 5,Line 5 Phase 1,2020,,0,40.22,100%,40.22,,,33,117,,"30,638.00",CNY,2020,0.2390,7322.48,182.1,1.237308306,"9,060.2",225.3,Trade,http://www.rail-transit.com/project/show.php?itemid=85,,,,
CN,Hangzhou,Line 3,Line 3 Phase 1,2017,2021,0,52.9,100%,52.9,,,35,117,,"42,062.00",CNY,2020,0.2390,10052.82,190.0,1.237308306,"12,438.4",235.1,Trade,http://www.rail-transit.com/project/show.php?itemid=136,,,,
CN,Shenyang,Line 2,Line 2 Southern Extension,,,0,14.3,,,#N/A,#N/A,8,,Plan,"10,170.00",CNY,2019,0.2380,2420.46,169.3,1.252572783,"3,031.8",212.0,Media,http://www.shenyangbus.com/a/sydt/2018/1227/10268.html,,,,
CN,Kunming,Line 1,Line 1 Northwestern Extension,2020,,0,7.594,100%,7.594,,,7,117,,"8,940.00",CNY,2020,0.2390,2136.66,281.4,1.237308306,"2,643.7",348.1,Trade,http://www.rail-transit.com/project/show.php?itemid=495,,,,
CN,Chongqing,Line 10,Line 10,2014,2020,0,44.09,81.15%,35.78,7.06,1.3171,27,,Plan,"31,098.00",CNY,2018,0.2370,7370.23,167.2,1.275269108,"9,399.0",213.2,Plan,https://www.ndrc.gov.cn/fggz/zcssfz/zcgh/201812/W020190910670713741772.pdf,,,,
CN,Nanjing,Line 6,Line 6,2019,2023,0,32.365,100%,32.365,,,19,117,,"32,870.00",CNY,2021,0.2390,7855.93,242.7,1.181787652,"9,284.0",286.9,Trade,http://www.rail-transit.com/project/show.php?itemid=205,,,,
CN,Hefei,Line 3,Line 3 Phase 1,2014,2019,0,37.2,89%,32.97,,,33,117,,"26,102.00",CNY,2017,0.2390,6238.38,167.7,1.306417265,"8,149.9",219.1,Trade,http://www.rail-transit.com/project/show.php?itemid=310,,,,
CN,Nanjing,Line S8,Line S8 Southern Extension,2017,2020,0,2.5,100.00%,2.5,0,0,2,,Plan,"1,711.00",CNY,2016,0.2510,429.46,171.8,1.334248584,573.0,229.2,Plan,https://www.ndrc.gov.cn/xxgk/zcfb/ghwb/201611/W020190905497856961234.pdf,,,,
CN,Chongqing,Line 5,Line 5A,2019,2024,0,28.96,62.57%,18.12,0,0,19,,Plan,"20,334.00",CNY,2018,0.2370,4819.16,166.4,1.275269108,"6,145.7",212.2,Plan,https://www.ndrc.gov.cn/fggz/zcssfz/zcgh/201812/W020190910670713741772.pdf,,,,
CN,Fuzhou,Line 6,Line 6,2015,2019,0,40.5,79.01%,32,0.455,8.05,20,,Plan,"27,716.00",CNY,2015,0.2580,7150.73,176.6,1.351080302,"9,661.2",238.5,Plan,https://www.ndrc.gov.cn/fggz/zcssfz/zcgh/201601/t20160112_1145713.html,,,,
CN,Shanghai,Airport Contact Line,Airport Contact Line,2019,2025,0,68.6,83.00%,56.7,0,0,9,,Plan,"48,054.00",CNY,2018,0.2370,11388.80,166.0,1.275269108,"14,523.8",211.7,Plan,https://www.ndrc.gov.cn/fggz/zcssfz/zcgh/201812/W020190910670719961874.pdf,,,,
CN,Zhengzhou,Line 12,Line 12 Phase 1,2019,2024,0,17.034,100%,17.034,,,12,117,,"11,985.00",CNY,2021,0.2390,2864.42,168.2,1.181787652,"3,385.1",198.7,Trade,http://www.rail-transit.com/project/show.php?itemid=514,,,,
CN,Beijing,Line 10,Line 10 North and East,2003,2008,0,24.64,100.00%,24.64,0,0,22,,Media,"13,700.00",CNY,2005,0.3519,4821.03,195.7,1.639677419,"7,904.9",320.8,Media,http://news.sciencenet.cn/sbhtmlnews/2008/8/209799.html,,,,
CN,Changsha,Line 5,Line 5 Phase 1,2014,2021,0,22.7,100.00%,22.7,0,0,18,117,Plan,"16,393.00",CNY,2012,0.2808,4603.15,202.8,1.394762058,"6,420.3",282.8,Plan,https://www.ndrc.gov.cn/fzggw/jgsj/zcs/sjdt/201212/t20121224_1145294.html,,,,
CN,Wuhan,Line 7,Line 7 South,2016,2020,0,14.2,100.00%,14.2,0,0,7,,Plan,"9,600.00",CNY,2015,0.2580,2476.80,174.4,1.351080302,"3,346.4",235.7,Plan,http://img.thupdi.com/news/2015/08/1440573393290975.pdf,,,,
CN,Changchun,Line 7,Line 7 Phase 1,2020,2025,0,22.5,100.00%,22.5,0,0,19,,Plan,"15,583.00",CNY,2018,0.2370,3693.17,164.1,1.275269108,"4,709.8",209.3,Plan,https://www.ndrc.gov.cn/xxgk/zcfb/tz/201812/W020190905514226164270.pdf; https://baike.baidu.com/item/%E9%95%BF%E6%98%A5%E8%BD%A8%E9%81%93%E4%BA%A4%E9%80%9A7%E5%8F%B7%E7%BA%BF/17545289,,,,
CN,Shenyang,Line 1,Line 1 Eastern Extension,2020,2025,0,15,100.00%,15,0,0,9,117,Plan,"10,350.00",CNY,2019,0.2380,2463.30,164.2,1.252572783,"3,085.5",205.7,Media,http://www.shenyangbus.com/a/sydt/2018/1227/10268.html; https://3g.163.com/dy/article_cambrian/FBU1V3JE052590Q7.html,,,,
CN,Nanjing,Line 11,Line 11 Phase 1,2018,2021,0,27,95%,25.6,,,20,117,,"21,039.19",CNY,2020,0.2390,5028.37,186.2,1.237308306,"6,221.6",230.4,Trade,http://www.rail-transit.com/project/show.php?itemid=329,,,,
CN,Xiamen,Line 3,Line 3 Phase 2,2016,2020,0,22.6,74.34%,16.8,0,0,13,,Plan,"15,154.00",CNY,2016,0.2510,3803.65,168.3,1.334248584,"5,075.0",224.6,Plan,http://www.gov.cn/xinwen/2016-10/13/5118393/files/fc4eeffb973d4e0297ef1fb6bcaa4e73.pdf,,,,
CN,Hefei,Line 4,Line 4 Phase 1,2015,2020,0,36,100.00%,36,0,0,28,117,Plan,"24,289.00",CNY,2014,0.2660,6460.87,179.5,1.352684002,"8,739.5",242.8,Plan,https://www.ndrc.gov.cn/xxgk/zcfb/tz/201412/W020190905507203840468.pdf,,,,
CN,Guiyang,Line 2,Line 2 Phase 2,2017,2022,0,12.8,81.25%,10.4,2.27,0.162,8,,Plan,"8,475.00",CNY,2016,0.2510,2127.23,166.2,1.334248584,"2,838.2",221.7,Plan,http://zfxxgk.ndrc.gov.cn/web/iteminfo.jsp?id=362,,,,
CN,Chengdu,Line 10,Line 10 Phase 3,2019,2025,0,5.5,100.00%,5.5,0,0,4,138,Plan,"3,716.00",CNY,2019,0.2380,884.41,160.8,1.252572783,"1,107.8",201.4,Plan,https://www.ndrc.gov.cn/xxgk/zcfb/ghwb/201908/W020190905497973740066.pdf,,,,
CN,Hefei,Line 1,Line 1 Phase 1+2,2012,2016,0,24.58,100.00%,24.58,0,0,26,117,Measured,"16,496.00",CNY,2012,0.2808,4632.08,188.4,1.394762058,"6,460.6",262.8,Media,https://www.sohu.com/a/112444814_268310,,,,
CN,Wuhan,Line 4,Line 4 Western Extension,2016,2018,0,4,85.00%,3.4,0,0,2,,Plan,"2,634.00",CNY,2015,0.2580,679.57,169.9,1.351080302,918.2,229.5,Plan,http://img.thupdi.com/news/2015/08/1440573393290975.pdf,,,,
CN,Tianjin,Z4,Z4 Phase 1,2015,2020,0,43.7,34.55%,15.1,0,0,20,,Plan,"28,699.00",CNY,2015,0.2580,7404.34,169.4,1.351080302,"10,003.9",228.9,Media,http://www.rail-transit.com/file/upload/201907/15/10573644162.pdf,,,,
CN,Beijing,Daxing Airport Express,Daxing Airport Express Phase 1,2016,2019,0,44,,,#N/A,#N/A,3,,Plan,"27,820.00",CNY,2019,0.2380,6621.16,150.5,1.252572783,"8,293.5",188.5,Plan,http://www.tzxm.gov.cn/flfg/law/201912/t20191220_12825.html,,,,
CN,Beijing,Daxing Airport Express,Daxing Airport Express Phase 2,2019,,0,3.5,,,#N/A,#N/A,2,,Plan,"4,040.00",CNY,2019,0.2380,961.52,274.7,1.252572783,"1,204.4",344.1,Plan,http://www.tzxm.gov.cn/flfg/law/201912/t20191220_12825.html,,,,
CN,Beijing,Line 8,Line 8 Phase 1 for Olympics,2005,2008,0,4.528,100.00%,4.528,0,0,4,,Media,"2,420.00",CNY,2005,0.3519,851.60,188.1,1.639677419,"1,396.3",308.4,Media,https://www.360kuai.com/pc/9fb76b182add530db?cota=4&kuai_so=1&tj_url=so_rec&sign=360_7bc3b157; http://itdzs.org/OnLineMagazine/PDFView.aspx?ID=4,,,,
CN,Xi'an,Line 1,Line 1 Phase 3,2019,2023,0,10.6,100%,10.6,,,7,117,,"8,903.00",CNY,2021,0.2390,2127.82,200.7,1.181787652,"2,514.6",237.2,Trade,http://www.rail-transit.com/project/show.php?itemid=440,,,,
CN,Changsha,Line 3,Line 3 Phase 1,2012,2016,0,35.6,,,#N/A,#N/A,25,,Plan,"23,628.00",CNY,2017,0.2390,5647.09,158.6,1.306417265,"7,377.5",207.2,Plan,https://www.ndrc.gov.cn/fzggw/jgsj/zcs/sjdt/201212/t20121224_1145294.html,,,,
CN,Chengdu,Line 27,Line 27 Phase 1,2019,2024,0,24.86,70%,17.35,,,17,117,,"16,587.00",CNY,2019,0.2380,3947.71,158.8,1.252572783,"4,944.8",198.9,Plan,https://www.ndrc.gov.cn/xxgk/zcfb/ghwb/201908/W020190905497973740066.pdf,,,,
CN,Suzhou,Line 8,Line 8,,,0,35.2,100.00%,35.2,0,0,26,,Plan,"23,660.00",CNY,2018,0.2370,5607.42,159.3,1.275269108,"7,151.0",203.2,Plan,https://www.ndrc.gov.cn/xxgk/zcfb/ghwb/201809/W020190905497960329280.pdf,,,,
CN,Suzhou,Line S1,Line S1,,,0,41,,,#N/A,#N/A,27,,Plan,"27,370.00",CNY,2018,0.2370,6486.69,158.2,1.275269108,"8,272.3",201.8,Plan,https://www.ndrc.gov.cn/xxgk/zcfb/ghwb/201809/W020190905497960329280.pdf,,,,
CN,Hangzhou,Line 7,Line 7,2017,2021,0,45,,,#N/A,#N/A,22,,Plan,"28,997.00",CNY,2016,0.2510,7278.25,161.7,1.334248584,"9,711.0",215.8,Plan,https://www.ndrc.gov.cn/xxgk/zcfb/ghwb/201612/W020190905497886107757.pdf,,,,
CN,Taiyuan,Line 1,Line 1 Phase 1,2021,,0,28.737,100%,28.737,,,24,138,,"22,458.70",CNY,2021,0.2390,5367.63,186.8,1.181787652,"6,343.4",220.7,Trade,http://www.rail-transit.com/project/show.php?itemid=159,,,,
CN,Changsha,Line 4,Line 4 Phase 1,2013,2017,0,33.5,,,#N/A,#N/A,24,,Plan,"21,938.00",CNY,2012,0.2808,6160.19,183.9,1.394762058,"8,592.0",256.5,Plan,https://www.ndrc.gov.cn/fzggw/jgsj/zcs/sjdt/201212/t20121224_1145294.html,,,,
CN,Changchun,Line 6,Line 6,,,0,29.7,100.00%,29.7,0,0,22,,Plan,"19,549.00",CNY,2018,0.2370,4633.11,156.0,1.275269108,"5,908.5",198.9,Plan,https://www.ndrc.gov.cn/xxgk/zcfb/tz/201812/W020190905514226164270.pdf,,,,
CN,Suzhou,Line 6,Line 6,2020,,0,36.2,100%,36.2,,,31,117,,"23,960.00",CNY,2020,0.2390,5726.44,158.2,1.237308306,"7,085.4",195.7,Trade,http://www.rail-transit.com/project/show.php?itemid=148,,,,
CN,Xi'an,Line 15,Line 15 Phase 1,2020,2025,0,19,100.00%,19,0,0,11,,Plan,"12,436.00",CNY,2019,0.2380,2959.77,155.8,1.252572783,"3,707.3",195.1,Plan,https://www.ndrc.gov.cn/fggz/zcssfz/zcgh/201907/W020190910670748591840.pdf,,,,
CN,Guiyang,S2,S2 Phase 1 North,2021,,0,30.32,75%,22.64,,,13,117,,"17,252.45",CNY,2021,0.2390,4123.34,136.0,1.181787652,"4,872.9",160.7,Trade,http://www.rail-transit.com/project/show.php?itemid=113,,,,
CN,Wuhan,Line 6,Line 6 Phase 2,,,0,7,100.00%,7,0,0,5,,Plan,"4,558.00",CNY,2018,0.2370,1080.25,154.3,1.275269108,"1,377.6",196.8,Plan,http://www.gov.cn/xinwen/2019-01/06/5355294/files/c3d503decf1d4b6b924324b210ee0f1a.pdf,,,,
CN,Zhengzhou,Line 10,Line 10 Phase 1,2019,2024,0,21.3,100%,21.3,,,12,138,,"13,823.00",CNY,2021,0.2390,3303.70,155.1,1.181787652,"3,904.3",183.3,Trade,http://www.rail-transit.com/project/show.php?itemid=142,,,,
CN,Changsha,Line 2,Line 2 West Extension,2017,2021,0,14.72,78.26%,11.52,0,0,11,,Plan,"9,513.00",CNY,2017,0.2390,2273.61,154.5,1.306417265,"2,970.3",201.8,Plan,https://www.ndrc.gov.cn/xxgk/zcfb/ghwb/201703/W020190905497919692262.pdf,,,,
CN,Kunming,Line 1,Line 1 Feeder,2013,2015,0,5.2,,,#N/A,#N/A,4,,Plan,"3,306.00",CNY,2013,0.2730,902.54,173.6,1.374627077,"1,240.7",238.6,Plan,http://zfxxgk.ndrc.gov.cn/web/iteminfo.jsp?id=12400,,,,
CN,Hangzhou,Line 2,Line 2 Phase 3,2017,2020,0,1.6,,,#N/A,#N/A,1,,Plan,988.00,CNY,2016,0.2510,247.99,155.0,1.334248584,330.9,206.8,Plan,https://www.ndrc.gov.cn/xxgk/zcfb/ghwb/201612/W020190905497886107757.pdf,,,,
CN,Zhengzhou,Line 8,Line 8 Phase 1,2019,2024,0,50.63,100%,50.63,,,27,138,,"31,019.49",CNY,2021,0.2390,7413.66,146.4,1.181787652,"8,761.4",173.0,Media,https://4g.dahe.cn/news/20191106554486,,,,
CN,Chengdu,Line 19,Line 19 Phase 2,2019,2024,0,42.87,100%,42.87,,,12,184,,"35,518.00",CNY,2019,0.2380,8453.28,197.2,1.252572783,"10,588.4",247.0,Plan,http://www.rail-transit.com/project/show.php?itemid=470,,,,
CN,Zhengzhou,Line 3,Line 3 Phase 2,2021,,0,6.305,100%,6.305,,,4,138,Trade,"3,573.00",CNY,2021,0.2390,853.95,135.4,1.181787652,"1,009.2",160.1,Trade,http://www.rail-transit.com/project/show.php?itemid=458,,,,
CN,Xi'an,Line 2,Line 2 Phase 2,,,0,7,100.00%,7,0,0,4,,Plan,"4,289.00",CNY,2019,0.2380,1020.78,145.8,1.252572783,"1,278.6",182.7,Plan,https://www.ndrc.gov.cn/fggz/zcssfz/zcgh/201907/W020190910670748591840.pdf,,,,
CN,Taiyuan,Line 2,Line 2 Phase 1,2012,2016,0,25.1,,,#N/A,#N/A,22,,Plan,"15,139.00",CNY,2012,0.2808,4251.03,169.4,1.394762058,"5,929.2",236.2,Media,http://finance.sina.com.cn/roll/20120905/131013052588.shtml,,,,
CN,Xi'an,Line 14,Line 14,,,0,13.8,100.00%,13.8,0,0,8,,Plan,"8,315.00",CNY,2019,0.2380,1978.97,143.4,1.252572783,"2,478.8",179.6,Plan,https://www.ndrc.gov.cn/fggz/zcssfz/zcgh/201907/W020190910670748591840.pdf,,,,
CN,Shenyang,Line 3,Line 3 Phase 1,2019,2025,0,38.4,,,#N/A,#N/A,28,,Plan,"23,130.00",CNY,2019,0.2380,5504.94,143.4,1.252572783,"6,895.3",179.6,Media,http://www.janeoo.com/news/hangyedongtai-detail-539834.htm,,,,
CN,Guangzhou,Line 3,Line 3 Eastern Extension,2019,2022,0,9.6,100.00%,9.6,0,0,4,,Plan,"5,698.00",CNY,2017,0.2390,1361.82,141.9,1.306417265,"1,779.1",185.3,Plan,http://www.gov.cn/xinwen/2017-03/23/5180079/files/d764253433a944c0a620def88bf6f446.pdf,,,,
CN,Beijing,Daxing Line,Daxing Line,2007,2010,0,21.8,80.28%,17.5,4.36,0,11,,Media,"10,930.00",CNY,2007,0.3330,3639.69,167.0,1.544448303,"5,621.3",257.9,Media,http://www.mtr.bj.cn/article/5d510c0aebb1a36f5ef5981f.html,,,,
CN,Shanghai,Chongming,Chongming,,,0,44.6,59.00%,26.1,0,0,8,,Plan,"26,426.00",CNY,2018,0.2370,6262.96,140.4,1.275269108,"7,987.0",179.1,Plan,https://www.ndrc.gov.cn/fggz/zcssfz/zcgh/201812/W020190910670719961874.pdf,,,,
CN,Xi'an,Line 16,Line 16 Phase 1,2019,2024,0,15.03,100%,15.03,,,9,117,,"10,631.00",CNY,2021,0.2390,2540.81,169.0,1.181787652,"3,002.7",199.8,Trade,http://www.rail-transit.com/project/show.php?itemid=448,,,,
CN,Wuhan,Xingang,Xingang,,,0,30.2,84.11%,25.4,0,0,11,,Plan,"17,681.00",CNY,2018,0.2370,4190.40,138.8,1.275269108,"5,343.9",176.9,Plan,http://www.gov.cn/xinwen/2019-01/06/5355294/files/c3d503decf1d4b6b924324b210ee0f1a.pdf,,,,
CN,Tianjin,Z2,Z2 Phase 1,2017,2020,0,52.8,33.90%,17.9,0,0,5,,Plan,"29,975.00",CNY,2015,0.2580,7733.55,146.5,1.351080302,"10,448.6",197.9,Media,https://wenku.baidu.com/view/801ab19a8ad63186bceb19e8b8f67c1cfbd6ee6e.html,,,,
CN,Kunming,Line 3,Line 3 Phase 2,2013,2018,0,4,,,,,3,117,,"2,493.00",CNY,2016,0.2510,625.74,156.4,1.334248584,834.9,208.7,,https://www.kankanyn.com/jianwen/34919.html,,,,
CN,Changchun,Line 2,Line 2 Eastern Extension,2019,2025,0,9.1,100.00%,9.1,0,0,5,,Plan,"5,131.00",CNY,2018,0.2370,1216.05,133.6,1.275269108,"1,550.8",170.4,Plan,https://www.ndrc.gov.cn/xxgk/zcfb/tz/201812/W020190905514226164270.pdf,,,,
CN,Hangzhou,Line 5,Line 5 Phase 2,2017,2020,0,3.2,,,#N/A,#N/A,2,,Plan,"1,754.00",CNY,2016,0.2510,440.25,137.6,1.334248584,587.4,183.6,Plan,https://www.ndrc.gov.cn/xxgk/zcfb/ghwb/201612/W020190905497886107757.pdf,,,,
CN,Guiyang,S1,S1 Phase 1,2016,2020,0,28.5,52.98%,15.1,0,0,12,,Plan,"15,479.00",CNY,2016,0.2510,3885.23,136.3,1.334248584,"5,183.9",181.9,Plan,http://zfxxgk.ndrc.gov.cn/web/iteminfo.jsp?id=362,,,,
CN,Chongqing,Line 4,Line 4 Phase 2,,,0,32.6,63.40%,20.67,0,0,14,,Plan,"18,068.00",CNY,2018,0.2370,4282.12,131.4,1.275269108,"5,460.9",167.5,Plan,https://www.ndrc.gov.cn/fggz/zcssfz/zcgh/201812/W020190910670713741772.pdf,,,,
CN,Changsha,Line 2,Line 2 West Extension Phase 1,2012,2015,0,4.5,,,#N/A,#N/A,4,,Plan,"2,466.00",CNY,2012,0.2808,692.45,153.9,1.394762058,965.8,214.6,Plan,https://www.ndrc.gov.cn/fzggw/jgsj/zcs/sjdt/201212/t20121224_1145294.html,,,,
CN,Beijing,Line 5,Line 5,2002,2007,0,27.6,,,#N/A,#N/A,23,,Media,"12,000.00",CNY,2004,0.3550,4260.00,154.3,1.695230281,"7,221.7",261.7,Media,http://finance.sina.com.cn/b/20040419/0854725033.shtml,,,,
CN,Chongqing,Ring Line,Ring Line,2012,2016,0,50.93,86%,43.622,,,33,117,,"34,163.00",CNY,2014,0.2660,9087.36,178.4,1.352684002,"12,292.3",241.4,,http://www.gzcy.org/uploadfile/2013/0930/20130930103001739.pdf,,,,
CN,Changsha,Line 1 North Extension,Line 1 North Extension Phase 1,2017,2021,0,9.93,54.38%,5.4,0,0,5,117,Plan,"6,111.00",CNY,2017,0.2390,1460.53,147.1,1.306417265,"1,908.1",192.2,Plan,https://www.ndrc.gov.cn/xxgk/zcfb/ghwb/201703/t20170323_962232.html,,,,
CN,Kunming,Line 5,Line 5,2020,,0,26.45,100%,26.45,,,22,117,,"22,848.00",CNY,2020,0.2390,5460.67,206.5,1.237308306,"6,756.5",255.4,,https://www.kankanyn.com/jianwen/34919.html,,,,
CN,Xiamen,Line 4,Line 4,2017,2022,0,69.6,44.83%,31.2,0,0,18,,Plan,"36,256.00",CNY,2016,0.2510,9100.26,130.8,1.334248584,"12,142.0",174.5,Plan,http://www.gov.cn/xinwen/2016-10/13/5118393/files/fc4eeffb973d4e0297ef1fb6bcaa4e73.pdf,,,,
CN,Chongqing,Line 6,Line 6 Branch (EXPO) Phase 2,2016,2020,0,13.99,63.83%,8.93,0,0,7,117,NDRC,"7,474.00",CNY,2018,0.2370,1771.34,126.6,1.275269108,"2,258.9",161.5,Plan,https://www.ndrc.gov.cn/fggz/zcssfz/zcgh/201812/W020190910670713741772.pdf,,,,
CN,Wuhan,Line 8,Line 8 Phase 3,,,0,4.9,100.00%,4.9,0,0,2,,Plan,"2,597.0000",CNY,2018,0.2370,615.49,125.6,1.275269108,784.9,160.2,Plan,http://www.gov.cn/xinwen/2019-01/06/5355294/files/c3d503decf1d4b6b924324b210ee0f1a.pdf,,,,
CN,Nanjing,Line 3,Line 3 Phase 3,2015,2017,0,6.6,100.00%,6.6,0,0,2,,Plan,"3,370.00",CNY,2015,0.2580,869.46,131.7,1.351080302,"1,174.7",178.0,Plan,https://www.ndrc.gov.cn/fggz/zcssfz/zcgh/201505/W020190910670534928118.pdf,,,,
CN,Chongqing,Line 9,Line 9 Phase 2,2016,2020,0,10.77,,,#N/A,#N/A,5,,Media,"5,613.00",CNY,2013,0.2730,1532.35,142.3,1.374627077,"2,106.4",195.6,Media,http://politics.people.com.cn/n/2013/0223/c70731-20575832.html,,,,
CN,Chongqing,Line 9,Line 9 Phase 1,2021,,0,32.3,,,,,26,117,,"21,100.00",CNY,2021,0.2390,5042.90,156.1,1.181787652,"5,959.6",184.5,Trade,http://www.rail-transit.com/project/show.php?itemid=238,,,,
CN,Wuhan,Line 7,Line 7 Northern Extension,,,0,33.6,40.48%,13.6,0,0,9,,Plan,"17,559.00",CNY,2018,0.2370,4161.48,123.9,1.275269108,"5,307.0",157.9,Plan,http://www.gov.cn/xinwen/2019-01/06/5355294/files/c3d503decf1d4b6b924324b210ee0f1a.pdf,,,,
CN,Wuhan,Line 2,Line 2 Northern Extension,2016,,0,19.8,69%,13.7,,,7,156,,"9,437.00",CNY,2016,0.2510,2368.69,119.6,1.334248584,"3,160.4",159.6,,http://hb.sina.com.cn/news/b/2013-06-03/070979213.html,,,,
CN,Xi'an,Line 10,Line 10 Phase 1,2020,2026,0,34.11,,,,,16,117,Trade,"21,903.00",CNY,2021,0.2390,5234.82,153.5,1.181787652,"6,186.4",181.4,Trade,http://www.rail-transit.com/project/show.php?itemid=504,,,,
CN,Chongqing,Line 4,Line 4 Phase 1,2013,2018,0,15.77,70.07%,11.05,4.731,0,9,,Plan,"8,805.00",CNY,2013,0.2730,2403.77,152.4,1.374627077,"3,304.3",209.5,Plan,https://www.ndrc.gov.cn/fggz/zcssfz/zcgh/201812/W020190910670713741772.pdf,,,,
CN,Nanchang,Line 1,Line 1 Eastern Extension,2018,2021,0,4.1,100.00%,4.1,0,0,2,,Plan,"2,040.00",CNY,2015,0.2580,526.32,128.4,1.351080302,711.1,173.4,Plan,http://zfxxgk.ndrc.gov.cn/web/iteminfo.jsp?id=316,,,,
CN,Changsha,Line 6,Line 6 East,2018,2022,0,12.15,100.00%,12.15,0,0,5,,Plan,"6,140.00",CNY,2017,0.2390,1467.46,120.8,1.306417265,"1,917.1",157.8,Plan,https://www.ndrc.gov.cn/xxgk/zcfb/ghwb/201703/W020190905497919692262.pdf,,,,
CN,Changchun,Line 4,Line 4 Southern Extension,,,0,4,0.00%,0,0,0,6,,Plan,"2,013.00",CNY,2018,0.2370,477.08,119.3,1.275269108,608.4,152.1,Plan,https://www.ndrc.gov.cn/xxgk/zcfb/tz/201812/W020190905514226164270.pdf,,,,
CN,Kunming,Line 4,Line 4,2020,,0,43.5,100%,43.5,,,26,117,,"30,302.00",CNY,2020,0.2390,7242.18,166.5,1.237308306,"8,960.8",206.0,,https://www.kankanyn.com/jianwen/34919.html,,,,
CN,Wuhan,Line 21,Line 21,,,0,33.7,71.81%,24.2,9.773,0,15,,Plan,"16,107.00",CNY,2015,0.2580,4155.61,123.3,1.351080302,"5,614.6",166.6,Plan,http://img.thupdi.com/news/2015/08/1440573393290975.pdf,,,,
CN,Changsha,Line 4,Line 4 North Extension,2018,2022,0,14.26,14.45%,2.06,0,0,8,,Plan,"6,831.00",CNY,2017,0.2390,1632.61,114.5,1.306417265,"2,132.9",149.6,Plan,https://www.ndrc.gov.cn/xxgk/zcfb/ghwb/201703/W020190905497919692262.pdf,,,,
CN,Shanghai,Line 11,Line 11 (to Disney),,2016,0,9.15,15.96%,1.46,7.73,0.0475,3,,Media,"4,371.00",CNY,2012,0.2808,1227.38,134.1,1.394762058,"1,711.9",187.1,Media,https://zh.wikipedia.org/wiki/%E4%B8%8A%E6%B5%B7%E8%BD%A8%E9%81%93%E4%BA%A4%E9%80%9A11%E5%8F%B7%E7%BA%BF,,,,
CN,Wuhan,Line 16,Line 16,2020,,0,33,38%,12.7,,,12,138,,"16,974.00",CNY,2020,0.2390,4056.79,122.9,1.237308306,"5,019.5",152.1,Trade,http://www.rail-transit.com/project/show.php?itemid=184,http://www.gov.cn/xinwen/2019-01/06/5355294/files/c3d503decf1d4b6b924324b210ee0f1a.pdf,,,
CN,Nanchang,Line 2,Line 2 Western Extension,2015,2018,0,8.5,100.00%,8.5,0,0,7,,Plan,"3,930.00",CNY,2015,0.2580,1013.94,119.3,1.351080302,"1,369.9",161.2,Plan,http://zfxxgk.ndrc.gov.cn/web/iteminfo.jsp?id=316,,,,
CN,Beijing,Line 15,Line 15 Phase 1,2009,2014,0,41.4,66.91%,27.7,13.605,0.471,18,117,Media,"18,100.00",CNY,2010,0.3000,5430.00,131.2,1.468563121,"7,974.3",192.6,Media,http://finance.ifeng.com/city/bj/20101117/2902241.shtml,,,,
CN,Shanghai,Line 6,Line 6,2002,2011,0,33.09,63.61%,21.05,11.845,0.3983,28,,Plan,"12,000.00",CNY,2002,0.3720,4464.00,134.9,1.780038911,"7,946.1",240.1,Media,https://zh.wikipedia.org/wiki/%E4%B8%8A%E6%B5%B7%E8%BD%A8%E9%81%93%E4%BA%A4%E9%80%9A6%E5%8F%B7%E7%BA%BF,,,,
CN,Wuhan,Line 1,Line 1 Phase 4 (Jinghe),2015,2017,0,3.97,0.00%,0,3.97,0,2,,Measured,"1,740.00",CNY,2015,0.2580,448.92,113.1,1.351080302,606.5,152.8,Media,https://zh.wikipedia.org/wiki/%E6%AD%A6%E6%B1%89%E8%BD%A8%E9%81%93%E4%BA%A4%E9%80%9A1%E5%8F%B7%E7%BA%BF#%E4%B8%80%E6%9C%9F%E5%B7%A5%E7%A8%8B,,,,
CN,Changchun,Line 9,Line 9 (Konggang),2019,2025,0,28.2,49.29%,13.9,0,0,8,,Plan,"12,640.00",CNY,2018,0.2370,2995.68,106.2,1.275269108,"3,820.3",135.5,Plan,https://www.ndrc.gov.cn/xxgk/zcfb/tz/201812/W020190905514226164270.pdf,,,,
CN,Tianjin,M3,M3 Phase 2,,,0,3.9,0.00%,0,3.75,0.15,3,,Plan,"1,704.00",CNY,2015,0.2580,439.63,112.7,1.351080302,594.0,152.3,Media,https://wenku.baidu.com/view/801ab19a8ad63186bceb19e8b8f67c1cfbd6ee6e.html,,,,
CN,Chongqing,Line 6,Line 6 Branch (EXPO),2013,,0,12.1,98%,11.9,,,5,117,,"5,563.00",CNY,2013,0.2730,1518.70,125.5,1.374627077,"2,087.6",172.5,Media,http://politics.people.com.cn/n/2013/0223/c70731-20575832.html,,,,
CN,Kunming,Line 2,Line 2 Phase 2,2017,2019,0,9.2,100.00%,9.2,0,0,8,,Plan,"5,326.00",CNY,2013,0.2730,1454.00,158.0,1.374627077,"1,998.7",217.3,Plan,http://zfxxgk.ndrc.gov.cn/web/iteminfo.jsp?id=12400,,,,
CN,Chongqing,Line 5,Line 5 Phase 1,2013,2017,0,40,,,#N/A,#N/A,25,,Media,"20,046.00",CNY,2013,0.2730,5472.56,136.8,1.374627077,"7,522.7",188.1,Media,http://politics.people.com.cn/n/2013/0223/c70731-20575832.html,,,,
CN,Kunming,Line 6,Line 6,2020,,0,25.61,59%,15.01,,,8,117,,"14,171.00",CNY,2020,0.2390,3386.87,132.2,1.237308306,"4,190.6",163.6,,https://www.kankanyn.com/jianwen/34919.html,https://yn.leju.com/news/2020-07-03/17306684750030261506576.shtml,,,
CN,Beijing,Line 13,Line 13B,2019,2022,0,32.2,31.99%,10.3,12.11,10.108,15,,Plan,"12,640.00",CNY,2019,0.2380,3008.32,93.4,1.252572783,"3,768.1",117.0,Plan,http://www.tzxm.gov.cn/flfg/law/201912/t20191220_12825.html,,,,
CN,Changsha,Line 5,Line 5 North Extension,2019,2022,0,3.65,48.49%,1.77,0,0,2,,Plan,"1,409.00",CNY,2017,0.2390,336.75,92.3,1.306417265,439.9,120.5,Plan,https://www.ndrc.gov.cn/xxgk/zcfb/ghwb/201703/W020190905497919692262.pdf,,,,
CN,Beijing,Line 8,Line 8 Northern Extension,2011,2013,0,6.328,73.45%,4.648,1.7091,0,3,,Measured,"3,212.20",CNY,2011,0.2840,912.26,144.2,1.423625961,"1,298.7",205.2,Media,https://max.book118.com/html/2017/1209/143431974.shtm,,,,
CN,Shanghai,Line 8,Line 8 Phase 3 (Pujiang Line),2016,2018,0,6.689,0.00%,0,6.65,0.04,6,,Media,"3,177.00",CNY,2015,0.2580,819.67,122.5,1.351080302,"1,107.4",165.6,Media,https://zh.wikipedia.org/wiki/%E4%B8%8A%E6%B5%B7%E8%BD%A8%E9%81%93%E4%BA%A4%E9%80%9A%E6%B5%A6%E6%B1%9F%E7%BA%BF#cite_note-4,,,,
CN,Kunming,Line 1,Line 1 Southern Extension,2013,2015,0,7.3,,,#N/A,#N/A,3,,Plan,"2,395.00",CNY,2013,0.2730,653.84,89.6,1.374627077,898.8,123.1,Plan,http://zfxxgk.ndrc.gov.cn/web/iteminfo.jsp?id=12400,,,,
CN,Changchun,Line 3,Line 3 Southern Extension,,,0,3,26.67%,0.8,0,0,2,,Plan,839.00,CNY,2018,0.2370,198.84,66.3,1.275269108,253.6,84.5,Plan,https://www.ndrc.gov.cn/xxgk/zcfb/tz/201812/W020190905514226164270.pdf,,,,
CN,Beijing,Capital Airport Express,Capital Airport Express,2005,2008,0,28.1,0.00%,0,17.315,10.785,4,,Measured,622.30,CNY,2005,0.3519,218.99,7.8,1.639677419,359.1,12.8,Media,http://news.sciencenet.cn/sbhtmlnews/2008/8/209799.html,,,,
CN,Wenzhou,S1,S1 Phase 1,,,0,53.5,,,#N/A,#N/A,,,Media,"18,606.83",CNY,2014,0.2660,4949.42,92.5,1.352684002,"6,695.0",125.1,Media,http://zjjcmspublic.oss-cn-hangzhou-zwynet-d01-a.internet.cloud.zj.gov.cn/jcms_files/jcms1/web1825/site/attach/0/150120083915404.pdf,,,,
CN,Wenzhou,S2,S2 Phase 1,,,0,70.299,,,#N/A,#N/A,,,Media,"26,200.00",CNY,2014,0.2660,6969.20,99.1,1.352684002,"9,427.1",134.1,Media,http://zjjcmspublic.oss-cn-hangzhou-zwynet-d01-a.internet.cloud.zj.gov.cn/jcms_files/jcms1/web1825/site/attach/0/150120083915404.pdf,,,,
CN,Wenzhou,M1,M1,2022,,0,32.5,100%,32.5,,,23,117,,"26,000.00",CNY,2021,0.2390,6214.00,191.2,1.181787652,"7,343.6",226.0,,https://www.163.com/dy/article/GT2J4GU20545AOQT.html,,,,
CN,Lanzhou,Line 2,Line 2 Phase 1,2021,,0,9.6,100%,9.6,,,9,138,,"8,960.00",CNY,2021,0.2390,2141.44,223.1,1.181787652,"2,530.7",263.6,Trade,http://www.rail-transit.com/project/show.php?itemid=241,,,,
CN,Lanzhou,Line 1,Line 1 Phase 1,,2019,0,25.9,100%,25.9,,,20,138,,"19,816.00",CNY,2019,0.2380,4716.21,182.1,1.252572783,"5,907.4",228.1,Trade,http://www.rail-transit.com/project/show.php?itemid=419,,,,
CN,Dongguan,Line 1,Line 1 Phase 1,2021,2026,0,57.46,86%,49.4,,,25,117,,"37,976",CNY,2019,0.2380,9038.29,157.3,1.252572783,"11,321.1",197.0,Plan,https://zfxxgk.ndrc.gov.cn/web/iteminfo.jsp?id=18775,,,,
CN,Dongguan,Line 1,Line 1 Phase 2,2023,2028,0,10.9,34.86%,3.8,0,0,4,,Plan,"6,055",CNY,2019,0.2380,1441.09,132.2,1.252572783,"1,805.1",165.6,Plan,https://baijiahao.baidu.com/s?id=1638089292564878111&wfr=spider&for=pc,,,,
CN,Dongguan,Line 1,Line 1 Phase 3,2021,2026,0,51.5,100%,51.5,,,20,117,,"36,807",CNY,2019,0.2380,8760.07,170.1,1.252572783,"10,972.6",213.1,Plan,https://baijiahao.baidu.com/s?id=1638089292564878111&wfr=spider&for=pc,,,,
CN,Dongguan,Line 1,Line 1 Feeder Phase 1,2022,2027,0,25.56,100.00%,25.6,0,0,10,,Plan,"17,499",CNY,2019,0.2380,4164.76,162.9,1.252572783,"5,216.7",204.1,Plan,https://baijiahao.baidu.com/s?id=1638089292564878111&wfr=spider&for=pc,,,,
CN,Dongguan,Line 2,Line 2 Phase 3,2022,2027,0,17.5,96%,16.8,,,9,117,,"14,690",CNY,2019,0.2380,3496.22,199.8,1.252572783,"4,379.3",250.2,Trade,https://finance.sina.com.cn/jjxw/2022-08-26/doc-imizmscv7763110.shtml?finpagefr=p_115,,,,
CN,Dongguan,Line 3,Line 3 Phase 1,2023,2028,0,50.14,100.00%,50.1,0,0,18,,Plan,"32,178",CNY,2019,0.2380,7658.36,152.7,1.252572783,"9,592.7",191.3,Plan,https://zfxxgk.ndrc.gov.cn/web/iteminfo.jsp?id=18775,,,,
CN,Dongguan,Line 3,Line 3 feeder,2024,2028,0,1.8,100.00%,1.8,0,0,1,,Plan,"1,297",CNY,2019,0.2380,308.69,171.5,1.252572783,386.7,214.8,Plan,https://baijiahao.baidu.com/s?id=1638089292564878111&wfr=spider&for=pc,,,,
SA,Riyadh,Blue,Blue,2015,2016,0,38,42.63%,16.2,0,0,22,,Trade,"6,561",USD,2013,1.82,11941.02,314.2,1.374627077,"16,414.4",432.0,Plan,http://www.riyadhmetro.sa/,,,,
SA,Riyadh,Red,Red,2014,2020,0,25.3,0.00%,0.0,0,0,13,,Trade,"2,880",USD,2013,1.82,5241.6,207.2,1.374627077,"7,205.2",284.8,Media,,,,,
SA,Riyadh,Orange,Orange,2014,2017,0,40.7,14.00%,5.7,0,0,20,,Trade,"5,002",USD,2013,1.82,9103.64,223.7,1.374627077,"12,514.1",307.5,Media,,,,,
SA,Riyadh,Yellow,Yellow,2014,2020,0,29.6,0.00%,0.0,0,0,8,,Trade,"2,270",USD,2013,1.82,4131.4,139.6,1.374627077,"5,679.1",191.9,Trade,https://www.fastmetroriyadh.com/about/our-lines/,,,,
SA,Riyadh,Green,Green,2015,2016,0,12.9,93.02%,12.0,0,0,11,,Trade,"2,220",USD,2013,1.82,4040.4,313.2,1.374627077,"5,554.0",430.5,Trade,https://www.fastmetroriyadh.com/ar/%d8%a7%d9%84%d8%ae%d8%b1%d9%8a%d8%b7%d8%a9-2/,,,,
SA,Riyadh,Purple,Purple,2014,2019,0,29.9,0.00%,0.0,0,0,6,,Trade,"3,330",USD,2013,1.82,6060.6,202.7,1.374627077,"8,331.1",278.6,Trade,https://www.fastmetroriyadh.com/about/our-lines/,,,,
SA,Jeddah,Jeddah Metro,Jeddah Metro,2014,2025,0,161.1,12.41%,20.0,0,0,81,,Trade,"12,000",USD,2015,1.435,17220,106.9,1.351080302,"23,265.6",144.4,Plan,http://www.metrojeddah.com.sa/page/Metro,,,,
SA,Mecca,Mecca Metro,Mecca Metro,2009,,,188,,,#N/A,#N/A,90,,,"62,000",SAR,2010,0.616,38192,203.1,1.468563121,"56,087.4",298.3,,,,,,
SA,Ad Dammam,Dammam Metro,Dammam Metro (a-Sharqiya),2014,,0,50,0.00%,0.0,0,0,,,,"16,000",USD,2010,1.623,25968,519.4,1.468563121,"38,135.6",762.7,Media,https://www.bncnetwork.net/Project/Dammam_Metro/lLeKWJzyKRk=,,,,
QA,Doha,Doha Metro,Doha Metro,2013,2026,0,124,89.92%,111.5,0,0,,,Trade,"36,000",USD,2013,2.5,90000,725.8,1.374627077,"123,716.4",997.7,Media,https://www.railway-technology.com/projects/doha-metro/,,,,
BH,Bahrain,Phase 1,Phase 1 (Red & Blue),2018,2023,1,28.6,0.00%,0.0,0,0,20,,,453,BD,2019,5,2265,79.2,1.252572783,"2,837.1",99.2,Media,https://www.urbantransportnews.com/bahrain-to-finalise-109-km-light-metro-rail-bids-in-march-2020/,,,,
BH,Bahrain,Phase 2,Phase 2,2020,X,1,72.7,0.00%,0.0,0,0,,,,"1,500",BD,2010,5,7500,103.2,1.468563121,"11,014.2",151.5,Media,http://www.tradearabia.com/news/stn_178416.html,,,,
AE,Dubai,Phase 1,Phase 1 - Red Line,2005,2010,0,35,13.43%,4.7,0,0,29,,Trade,"4,200",USD,2005,1.8,7560,216.0,1.639677419,"12,396.0",354.2,,,,,,
AE,Dubai,Phase 2,Phase 2 - Green Line,2006,2010,0,22.5,35.11%,7.9,0,0,20,,,"3,600",USD,2006,1.9,6840,304.0,1.5884375,"10,864.9",482.9,,,,,,
AE,Dubai,Red Line,Phase 3 (Red Line Extension/Route 2020),2016,2020,0,15,21.33%,3.2,0,0,7,,Trade,"2,900",USD,2016,1.9,5510,367.3,1.334248584,"7,351.7",490.1,Media,https://www.railway-technology.com/projects/route-2020-dubai/,,,,
EG,Cairo,Line 1,Line 1,1982,1987,1,44,14.32%,6.3,0,0,35,,Trade,973,EGP,1987,2.5,2432.5,55.3,2.818917254,"6,857.0",155.8,Media,,,,,
EG,Cairo,Line 2,Line 2,1993,2005,0,22,43.18%,9.5,0,0,20,,Trade,"9,700",EGP,2005,1,9700,440.9,1.639677419,"15,904.9",722.9,Media,,,,,
EG,Cairo,Line 3,Line 3 Phase 1,2006,2012,0,4.3,100.00%,4.3,0,0,5,,Trade,"4,200",EGP,2009,0.714285714,3000,697.7,1.492651617,"4,478.0","1,041.4",Media,http://english.ahram.org.eg/NewsContent/3/12/35035/Business/Economy/Cairos-rd-underground-line-opens-Tuesday-linking-A.aspx,,,,
EG,Cairo,Line 4,Line 4 (4 Phases),2019,X,0,19,,,#N/A,#N/A,17,,,"3,600",USD,2019,3.6,12960,682.1,1.252572783,"16,233.3",854.4,,,,,,
EG,Cairo,Line 6,Line 6,2017,X,0,21,65.24%,13.7,0,0,24,,Trade,"4,000",USD,2017,3.1,12400,590.5,1.306417265,"16,199.6",771.4,Media,https://tunnelbuilder.com/News/New-metro-line-6-in-Cairo-deal-signed-.aspx,,,,
KW,Kuwait City,Kuwait Metro,Kuwait Metro,2020,2025,0,160,35.00%,56.0,0,0,68,,Trade,"20,000",USD,2020,1.52,30400,190.0,1.237308306,"37,614.2",235.1,Media,https://www.railjournal.com/passenger/metros/kuwait-announces-details-of-metro-project/,,,,
CN,Shanghai,Line 15,Line 15,2016,2021,0,42.3,100%,42.3,,,30,138,,"47,683.00",CNY,2019,0.2380,11348.55,268.3,1.252572783,"14,214.9",336.0,Trade,http://www.rail-transit.com/project/show.php?itemid=287,,,,
CN,Shanghai,Line 14,Line 14,2014,2021,0,38.15,100%,38.15,,,31,184,,"58,073.00",CNY,2021,0.2390,13879.45,363.8,1.181787652,"16,402.6",429.9,Trade,http://www.rail-transit.com/project/show.php?itemid=201,,,,
CN,Shanghai,Line 16,Line 16,2010,2014,0,58.96,23.22%,13.69,45.3992,0,,,Media,"18,160",CNY,2010,0.3000,5448,92.4,1.468563121,"8,000.7",135.7,Media,https://www.sohu.com/a/134664821_249521;  https://zh.wikipedia.org/wiki/%E4%B8%8A%E6%B5%B7%E8%BD%A8%E9%81%93%E4%BA%A4%E9%80%9A16%E5%8F%B7%E7%BA%BF,,,,
CN,Shenzhen,Line 1,Line 1 Phase 2,,,0,23.5,77.87%,18.3,3.43,1.975,15,,Plan,"12,126",CNY,2019,0.2380,2885.99,122.8,1.252572783,"3,614.9",153.8,Plan,http://fgw.sz.gov.cn/zwgk/qt/tzgg/201902/P020190226346098115982.pdf,,,,
CN,Shenzhen,Line 2,Line 2,,,0,35.8,100.00%,35.8,0,0,29,,Plan,"17,787",CNY,2019,0.2380,4233.31,118.2,1.252572783,"5,302.5",148.1,Plan,http://fgw.sz.gov.cn/zwgk/qt/tzgg/201902/P020190226346098115982.pdf,,,,
CN,Shenzhen,Line 3,Line 3,,,0,41.5,44.63%,18.52,23.24,0,30,,Plan,"16,858",CNY,2019,0.2380,4012.20,96.7,1.252572783,"5,025.6",121.1,Plan,http://fgw.sz.gov.cn/zwgk/qt/tzgg/201902/P020190226346098115982.pdf,,,,
CN,Shenzhen,Line 4,Line 4 Phase 2,,,0,15.94,31.93%,5.09,10.9986,0,10,,Plan,"5,799",CNY,2019,0.2380,1380.16,86.6,1.252572783,"1,728.8",108.5,Plan,http://fgw.sz.gov.cn/zwgk/qt/tzgg/201902/P020190226346098115982.pdf,,,,
CN,Shenzhen,Line 5,Line 5,,,0,40.1,89.28%,35.8,4.411,0,27,,Plan,"20,558",CNY,2019,0.2380,4892.80,122.0,1.252572783,"6,128.6",152.8,Plan,http://fgw.sz.gov.cn/zwgk/qt/tzgg/201902/P020190226346098115982.pdf,,,,
CN,Shenzhen,Line 7,Line 7,,2016,0,30.2,100.00%,30.2,0,0,28,,Plan,"26,876",CNY,2013,0.2730,7337.15,243.0,1.374627077,"10,085.8",334.0,Plan,http://fgw.sz.gov.cn/zwgk/qt/tzgg/201902/P020190226346098115982.pdf,,,,
CN,Shenzhen,Line 9,Line 9,,,0,25.33,100.00%,25.33,0,0,22,,Plan,"22,371",CNY,2019,0.2380,5324.30,210.2,1.252572783,"6,669.1",263.3,Plan,http://fgw.sz.gov.cn/zwgk/qt/tzgg/201902/P020190226346098115982.pdf,,,,
CN,Shenzhen,Line 8,Line 8 Phase 2,2019,2024,0,8.023,100%,8.023,,,4,138,,"6,316.00",CNY,2021,0.2390,1509.52,188.1,1.181787652,"1,783.9",222.4,Trade,http://www.rail-transit.com/project/show.php?itemid=354,,,,
CN,Guangzhou,Line 13,Line 13 Phase 1,2013,2017,0,27.03,100.00%,27.03,0,0,11,,Media,"19,038",CNY,2013,0.2730,5197.374,192.3,1.374627077,"7,144.5",264.3,Media,http://www.dcement.com/Article/201310/117609.html,,,,
CN,Guiyang,Line 1,Line 1 Phase 1,2013,2017,0,34.3,84.55%,29,5.14,0.348,25,,Media,"19,370",CNY,2010,0.3000,5811,169.4,1.468563121,"8,533.8",248.8,Media,https://zh.wikipedia.org/wiki/%E8%B4%B5%E9%98%B3%E8%BD%A8%E9%81%93%E4%BA%A4%E9%80%9A1%E5%8F%B7%E7%BA%BF,,,,
CN,Wuhan,Line 4,Line 4 Phase 1,2009,,0,15.4,100.00%,15.4,0,0,15,,Media,"9,400",CNY,2009,0.3170,2979.8,193.5,1.492651617,"4,447.8",288.8,Plan,https://zh.wikipedia.org/wiki/%E6%AD%A6%E6%B1%89%E8%BD%A8%E9%81%93%E4%BA%A4%E9%80%9A4%E5%8F%B7%E7%BA%BF#%E4%B8%80%E6%9C%9F%E5%B7%A5%E7%A8%8B,,,,
CN,Chengdu,Line 8,Line 8 Phase 1,2021,,0,29.1,100%,29.1,,,25,138,,"23,757.00",CNY,2019,0.2380,5654.166,194.3,1.252572783,"7,082.3",243.4,Plan,rail-transit.com/project/show.php?itemid=77,https://www.ndrc.gov.cn/xxgk/zcfb/tz/201607/W020190905517098302181.pdf,,,
CN,Chengdu,Line 9,Line 9 Phase 1,2016,2020,0,22.2,100.00%,22.2,0,0,13,,Plan,"20,253",CNY,2017,0.2390,4840.48906,218.0,1.306417265,"6,323.7",284.9,Plan,https://www.chengdurail.com/detail/7247.html,,,,
CN,Chengdu,Line 10,Line 10 Phase 2,2016,2020,0,26.7,38.95%,10.4,16.554,0,9,138,Plan,"13,156",CNY,2016,0.2510,3302.156,123.7,1.334248584,"4,405.9",165.0,Plan,https://www.ndrc.gov.cn/fggz/zcssfz/zdgc/201607/W020190910671924062945.pdf,,,,
TR,Istanbul,M3,M3 Phase 2,2015,2023,0,8.9,100.00%,8.4,0,0,8,180,Plan,333,USD,2019,3,999,112.2,1.252572783,"1,251.3",140.6,Plan,https://ekap.kik.gov.tr/EKAP/Ortak/IhaleArama/index.html,,,,
TR,Istanbul,M8,M8,2016,2022,0,14.3,100.00%,14.3,0,0,11,100,Plan,635,USD,2019,3,1905,133.2,1.252572783,"2,386.2",166.9,Plan,https://ekap.kik.gov.tr/EKAP/Ortak/IhaleArama/index.html,,,,
TR,Istanbul,M5,M5 Phase 2-M13,2016,2027,0,17.8,100.00%,17.8,0,0,13,140,Plan,657,USD,2019,3,1971,110.7,1.252572783,"2,468.8",138.7,Plan,https://ekap.kik.gov.tr/EKAP/Ortak/IhaleArama/index.html,,,,
TR,Istanbul,M12,M12 ,2017,2023,0,13,100.00%,13,0,0,11,100,Plan,698,USD,2020,3.3,2303.4,177.2,1.237308306,"2,850.0",219.2,Plan,https://ekap.kik.gov.tr/EKAP/Ortak/IhaleArama/index.html,,,,
TR,Istanbul,M11,M11 Phase 1,2016,2022,0,37.5,100.00%,37.5,0,0,9,180,Plan,"1,130",USD,2019,3,3390,90.4,1.252572783,"4,246.2",113.2,Media,https://www.insaatderyasi.com/gayrettepe-3-havalimani-metro-ihalesine-1-milyar-euro-1718h.htm,,,,
TR,Istanbul,M11,M11 Phase 2,2018,2022,0,32,100.00%,32,0,0,7,180,Plan,916,USD,2020,3.3,3022.8,94.5,1.237308306,"3,740.1",116.9,Trade,http://www.yatirimlar.com/haber-AYGM_Istanbul_Yeni_Havalimani___Halkali_Metro_Hatti_insaati_ile_Elektromekanik_Sistemlerinin_temin_montaj_ve_isletmeye_alma_isleri_ihalesi_icin_sozlesme_imzaladi-248098.htm,,,,
UZ,Tashkent,Sergeli Line,Sergeli Line,2017,2020,0,6.94,0.00%,0,6.94,0,6,,Trade,142,USD,2018,5,711,102.4,1.275269108,906.7,130.7,Plan,http://www.uzbekembassy.in/construction-of-sergeli-metro-line-to-cost-170-1-million/,,,,
UZ,Tashkent,Yunusabad Line,Yunusabad Line extension,2017,2020,0,2.9,100.00%,2.9,0,0,2,,Trade,125,USD,2018,5,624,215.2,1.275269108,795.8,274.4,Trade,https://www.railwaypro.com/wp/tashkent-metro-extension-is-underway/,,,,
AT,Vienna,Lainz Tunnel,Lainz Tunnel,1999,2012,1,12.8,100.00%,12.8,0,0,0,,Media,"1,300",EUR,2005,1.25,1625,127.0,1.639677419,"2,664.5",208.2,Media,https://wien.orf.at/v2/news/stories/2537074/,,,,
BR,Rio de Janeiro,Line 4,Line 4,2010,2016,0,16,96.00%,15.4,0,0,7,,Measured,"10,300",BRL,2013,0.59,6077,379.8,1.374627077,"8,353.6",522.1,Trade,http://itdpbrasil.org.br/wp-content/uploads/2018/05/ITDP_PP_Linha_4_Maio_2018.pdf,,,,
BR,Salvador,SkyRail Bahia,SkyRail Bahia,2020,2022,0,23.3,0.00%,0,0,0,26,,Trade,689,USD,2021,2.3,1584.7,68.0,1.181787652,"1,872.8",80.4,Trade,https://www.yicaiglobal.com/news/byd-design-for-usd689-million-brazil-monorail-gets-green-light,,,,
BR,Sao Paulo,Line 17,Line 17,2012,2021,0,7.7,0.00%,0,0,0,8,,Trade,"1,300",USD,2016,2.3,2990,388.3,1.334248584,"3,989.4",518.1,Trade,https://www.railjournal.com/in_depth/21-rail-projects-to-watch-in-2021,,,,
CA,Calgary,Green Line,Green Line stage 1,2021,2027,0,20,20.00%,4,0,0,15,,Wiki,"5,500",CAD,2024,0.84,4620,231.0,1.020848675,"4,716.3",235.8,Media,https://globalnews.ca/news/7527443/green-line-lrt-calgary-alberta-government/,,,,
CA,Vancouver,Millennium Line,Millennium Line Phase 1,1998,2002,0,19.9,0.00%,0,0,0,13,,Wiki,"1,200",CAD,2000,0.81,972,48.8,1.859634146,"1,807.6",90.8,Plan,https://web.archive.org/web/20181110080355/https://www.translink.ca/-/media/Documents/about_translink/corporate_overview/corporate_reports/history/translink_history_nov_2008.pdf,,,,
CA,Vancouver,Canada Line,Canada Line,2005,2009,0,18.4,49.00%,9.1,0,0,16,,Wiki,"2,050",CAD,2007,0.82,1681,91.4,1.544448303,"2,596.2",141.1,Media,https://vancouversun.com/news/local-news/by-the-numbers-canada-line-turns-10,,,,
CA,Vancouver,Evergreen Line,Evergreen Line,2012,2016,0,10.9,18.00%,2,0,0,6,,Wiki,"1,430",CAD,2014,0.81,1158.3,106.3,1.352684002,"1,566.8",143.7,Media,https://thebreaker.news/news/evergreen-line-costs/,,,,
DE,Hamburg,U5,U5-East,2021,2030,0,5.8,93.00%,5.4,0,0,5,,Media,"2,860",EUR,2025,1.3,3718,641.0,#N/A,#N/A,#N/A,Media,"https://www.ndr.de/nachrichten/hamburg/U5-in-Hamburg-Kosten-fuer-oestlichen-Abschnitt-explodieren,ubahn826.html",,,,
FR,Rennes,Line B,Line B,2014,2021,0,14,79.00%,11,0,0,15,,Trade,"1,342",EUR,2020,1.3,1744.6,124.6,1.237308306,"2,158.6",154.2,Plan,http://www.presse.metropole.rennes.fr/accueil/documents-presse/tous-les-documents/27-10165/mise-en-service-de-la-ligne-b-du-metro-de-rennes-metropole-le-21-decembre-2020,,,,
HK,Hong Kong,Tung Chung Line,Tung Chung Line extension,2023,2029,0,1.8,100.00%,1.8,0,0,1,,Media,"18,700",HKD,2016,0.1686,3152.82,1751.6,1.334248584,"4,206.6","2,337.0",Media,https://news.rthk.hk/rthk/en/component/k2/1519400-20200407.htm,,,,
HK,Hong Kong,West Island Line,West Island Line,2009,2016,0,3,100.00%,3,0,0,3,,Plan,"18,500",HKD,2012,0.1834,3392.9,1131.0,1.394762058,"4,732.3","1,577.4",Plan,https://www.legco.gov.hk/yr15-16/english/panels/tp/tp_rdp/papers/tp_rdp20160627cb4-1136-2-e.pdf,,,,
HK,Hong Kong,Airport Railway,Airport Railway,1994,1998,0,34,23.53%,8,6,20,9,200,Plan,"34,000",HKD,1996,0.1871,6361.4,187.1,2.040975143,"12,983.5",381.9,Plan,https://www.info.gov.hk/archive/napco/cost.html,,,,
HK,Hong Kong,Kwung Tong Line,Quarry Bay Congestion Relief Works (Kwung Tong Extension),1997,2001,0,2.1,100.00%,2.1,0,0,0,N/A,Plan,"3,100",HKD,1999,0.1823,565.13,269.1,1.922142857,"1,086.3",517.3,Plan,,,,,
HK,Hong Kong,Tseung Kwan Line,Tseung Kwan O Extension,1999,2002,0,4,100.00%,4,0,0,5,200,Plan,"16,000",HKD,2000,0.1886,3017.6,754.4,1.859634146,"5,611.6","1,402.9",,,,,,
HK,Hong Kong,Penny's Bay Rail Link,Penny's Bay Rail Link (Disneyland Resort Line),2001,2005,0,3.5,25.00%,0.875,0,2.625,2,,Measured,"2,000",HKD,2003,0.2115,423,120.9,1.740375,736.2,210.3,,,,,,
HK,Hong Kong,South Island Line,South Island Line (East),2011,2016,0,7,71.00%,5,2,0,5,,Plan,"16,900",HKD,2013,0.1803,3047.07,435.3,1.374627077,"4,188.6",598.4,Plan,https://www.legco.gov.hk/yr15-16/english/panels/tp/tp_rdp/papers/tp_rdp20160627cb4-1136-2-e.pdf,,,,
HK,Hong Kong,Kwung Tong Line,Kwun Tong Line extension,2011,2016,0,2.6,100.00%,2.6,0,0,2,,Plan,"7,200",HKD,2013,0.1803,1298.16,499.3,1.374627077,"1,784.5",686.3,Plan,https://www.legco.gov.hk/yr15-16/english/panels/tp/tp_rdp/papers/tp_rdp20160627cb4-1136-2-e.pdf,,,,
HK,Hong Kong,Tuen Mun Line,Tuen Mun South Extension,2023,2030,0,2.4,0.00%,0,0,0,2,,Plan,"11,400",HKD,2015,0.1715,1955.1,814.6,1.351080302,"2,641.5","1,100.6",Plan,https://www.legco.gov.hk/yr19-20/english/panels/tp/tp_rdp/papers/tp_rdp20200605cb4-646-1-e.pdf,,,,
HK,Hong Kong,Sha Tin-Central Link,Sha Tin-Central Link,2012,2022,1,17,88.00%,15,0,0,9,,Measured,"87,300",HKD,2017,0.1664,14526.72,854.5,1.306417265,"18,978.0","1,116.4",Trade,https://www.railwaygazette.com/infrastructure/shatin-central-project-faces-23-cost-increase/45602.article,,,,
HK,Hong Kong,Modified Initial System,Modified Initial System,1975,1980,0,15.6,82.10%,12.8,2.8,0,15,200,Plan,"5,637",HKD,1977,0.9157,5161.8009,330.9,5.284306931,"27,276.5","1,748.5",Plan,https://mmis.hkpl.gov.hk///c/portal/cover?c=QF757YsWv59%2F9WIUSQ5l76Vd0tr1CR%2F%2F#.YW2ctNha4E8.link,,,,
HK,Hong Kong,Tsuen Wan Line,Tsuen Wan Extension,1978,1982,0,10.5,80.00%,8.4,2,0.1,10,200,Plan,"3,900",HKD,1980,0.6209,2421.51,230.6,3.886274272,"9,410.7",896.3,Plan,https://mmis.hkpl.gov.hk///c/portal/cover?c=QF757YsWv59%2F9WIUSQ5l7%2Fm%2BLaqXoBAd#.YW1kGBtofbY.link,,,,
HK,Hong Kong,Island Line,Island Line,1981,1986,0,12.5,84.00%,10.5,2,0,14,200,Plan,"8,748",HKD,1983,0.4907,4292.6436,343.4,3.215150602,"13,801.5","1,104.1",Plan,https://mmis.hkpl.gov.hk///c/portal/cover?c=QF757YsWv59%2F9WIUSQ5l7xsxoWQ4dkCT#.YW1js87Ueak.link,,,,
HK,Hong Kong,Eastern Harbour Crossing,Eastern Harbour Crossing,1986,1989,0,4.6,100.00%,4.6,0,0,1,200,Plan,"1,254",HKD,1987,0.3768,472.5072,102.7,2.818917254,"1,332.0",289.6,Plan,https://mmis.hkpl.gov.hk///c/portal/cover?c=QF757YsWv59%2F9WIUSQ5l77yBOL%2Bgwk13#.YW423bEbO3o.link,,,,
IN,Delhi,Noida Metro,Noida Metro,2015,2019,0,29.7,0.00%,0,0,0,21,,Trade,"42,610",INR,2017,0.048,2045.28,68.9,1.306417265,"2,672.0",90.0,Media,https://timesofindia.indiatimes.com/city/noida/noida-greater-noida-metro-link-to-cost-less-than-estimate/articleshow/58370627.cms,,,,
IN,Jaipur,Metro,Phase 1,2011,2020,0,12.1,23.00%,2.8,0,0,11,,Plan,"31,490",INR,2011,0.064,2015.36,166.6,1.423625961,"2,869.1",237.1,Plan,http://mohua.gov.in/upload/uploadfiles/files/Jaipur_Metro_PPT.pdf,,,,
IN,Lucknow,Line 1,Line 1,2014,2019,0,22.9,15.00%,3.4,0,0,22,,Plan,"69,280",INR,2016,0.05,3464,151.3,1.334248584,"4,621.8",201.8,Plan,https://pib.gov.in/newsite/PrintRelease.aspx?relid=133816,,,,
IT,Brescia,Metro,Metro,2003,2013,0,13.7,71.00%,9.7,0,0,17,40,Wiki,716,EUR,2008,1.3,930.8,67.9,1.487341096,"1,384.4",101.1,Media,https://www.giornaledibrescia.it/brescia-e-hinterland/metrobus-a-brescia-arrivano-71-6-milioni-dal-cipe-1.1130855,,,,
IT,Naples,Line 1,Line 1 - city center,1999,2021,0,4.3,100.00%,4.3,0,0,5,110,agency,"1,748",EUR,2017,1.3,2272.4,528.5,1.306417265,"2,968.7",690.4,Plan,,,,,
IT,Naples,Line 1,Line 1 airport extension,2014,2024,0,3.5,100.00%,3.5,0,0,4,110,agency,652,EUR,2019,1.3,847.6,242.2,1.252572783,"1,061.7",303.3,Plan,http://silos.infrastrutturestrategiche.it/admin/scheda.aspx?id=1324,,,,
IT,Naples,Line 1,Line 6 (Mostra-Municipio),2002,2021,0,3.3,100.00%,3.3,0,0,4,80,Plan,790,EUR,2011,1.3,1027,311.2,1.423625961,"1,462.1",443.0,Plan,http://silos.infrastrutturestrategiche.it/admin/scheda.aspx?id=1317,,,,
IT,Turin,Line 2,Line 2 -phase 1-2,2024,2030,0,9.4,100.00%,9.4,0,0,13,60,plan,"1,828",EUR,2020,1.3,2376.4,252.8,1.237308306,"2,940.3",312.8,plan,https://www.infrato.it/wp-content/uploads/2022/01/2022_1_Presentazione-Linea-2.pdf,,,,
JP,Osaka,Hanshin Namba Line,Hanshin Namba Line,2003,2009,1,3.8,100.00%,3.8,0,0,3,,Wiki,"127,500",JPY,2006,0.008,1020,268.4,1.5884375,"1,620.2",426.4,Plan,https://www.hankyu-hanshin.co.jp/upload/irRelatedInfoEn/15.pdf,,,,
RS,Belgrade,Metro Line 1,Metro Line 1,2021,2026,0,22,100.00%,22,0,0,24,,Trade,"1,800",EUR,2023,3.05,5490,249.5,1.050957985,"5,769.8",262.3,Trade,https://www.railwaypro.com/wp/alstom-involved-in-the-belgrade-metro-project/,,,,
RS,Belgrade,Metro Line 2,Metro Line 2,2021,2026,0,20,100.00%,20,0,0,21,,Trade,"2,200",EUR,2023,3.05,6710,335.5,1.050957985,"7,051.9",352.6,Trade,https://www.railwaypro.com/wp/alstom-involved-in-the-belgrade-metro-project/,,,,
SE,Gothenburg,West Link,West Link,2018,2026,1,8,75.00%,6.0,0,0,3,,Plan,"20,000",SEK,2009,0.112,2240,280.0,1.492651617,"3,343.5",417.9,Plan,https://www.trafikverket.se/en/startpage/projects/Railway-construction-projects/The-West-Link-ProjectVastlanken/,,,,
TW,Taipei,"System to 2012, ex-Neihu","System to 2012, ex-Neihu",1988,2012,0,93.9,65.00%,60.9,0,0,92,,Measured,"557,286",TWD,2000,0.0664,37003.7904,394.1,1.859634146,"68,813.5",732.8,Trade,https://www.railjournal.com/in_depth/taiwan-transit-in-transition,,,,
TW,Taipei,Neihu Line,Neihu Line,2002,2009,0,14.8,26.00%,3.8,0,0,12,,Measured,"63,714",TWD,2005,0.0664,4230.6096,285.9,1.639677419,"6,936.8",468.7,Plan,https://web.archive.org/web/20160420112521/http://www2.dorts.gov.tw/news/newsletter/ns259/rp259_02.htm,,,,
TW,Taipei,Xinyi Line,Xinyi Line,2002,2013,0,6.5,100.00%,6.5,0,0,7,,Media,"39,000",TWD,2007,0.0664,2589.6,398.4,1.544448303,"3,999.5",615.3,Media,https://www.taipeitimes.com/News/editorials/archives/2013/11/28/2003577823,,,,
TW,Taipei,Xinyi Line,Xinyi Line East Extension,2016,2022,0,1.4,100.00%,1.4,0,0,1,,Plan,"9,000",TWD,2019,0.0664,597.6,426.9,1.252572783,748.5,534.7,Plan,https://english.gov.taipei/News_Content.aspx?n=A11F01CFC9F58C83&sms=DFFA119D1FD5602C&s=C36916C73CDB70EA,,,,
US,Honolulu,HART,HART,2011,2026,0,32,0.00%,0,0,0,21,,Trade,"11,371",USD,2018,1,11371,355.3,1.275269108,"14,501.1",453.2,Media,https://www.hawaiibusiness.com/hart-history-hawaii-rail-project-when-finished-budget/,,,,
US,Los Angeles,Crenshaw/LAX Line,Crenshaw/LAX Line,2014,2022,0,13.7,34.00%,4.7,0,0,9,,Wiki,"2,100",USD,2017,1,2058,150.2,1.306417265,"2,688.6",196.2,Media,https://spectrumnews1.com/ca/la-west/transportation/2022/01/25/-2-1-billion-crenshaw-lax-light-rail-project-near-completion,,,,
US,Miami,Metrorail extension to MIA,Metrorail extension to MIA,2009,2012,0,3.9,0.00%,0,3.9,0,1,,Plan,506,USD,2010,1,506,129.7,1.468563121,743.1,190.5,Plan,https://www.miamidade.gov/transit/improvement-airportlink.asp,,,,
US,Seattle,West Seattle and Ballard,West Seattle and Ballard,2026,2036,0,19,32.00%,6,0,0,13,,Plan,"12,341",USD,2020,1,12341,649.5,1.237308306,"15,269.6",803.7,Plan,https://publicola.com/wp-content/uploads/2021/01/Presentation-Updated-Project-Cost-Estimates-210107.pdf,,,,
US,Washington,Silver Line,Silver Line Phase 1,2009,2014,0,18.8,4.00%,0.7,0,0,5,,Measured,"2,982",USD,2011,1,2982,158.6,1.423625961,"4,245.3",225.8,Plan,http://www.dullesmetro.com/about-dulles-rail/funding/,,,,
US,Washington,Silver Line,Silver Line Phase 2,2013,2022,0,18.3,0.00%,0,0,0,6,,Plan,"3,050",USD,2017,1,3050,166.7,1.306417265,"3,984.6",217.7,Plan,https://dcist.com/story/22/07/19/silver-line-cost-additional-250-million/,,,,
TR,Adana,First stage,First stage,1996,2010,0,13.9,25.00%,3.5,0,0,13,,Wiki,534,USD,2006,2,1068,76.8,1.5884375,"1,696.5",122.0,Media,https://www.sabah.com.tr/gundem/2010/05/13/adana_metrosu_hizmete_giriyor,,,,
TR,Istanbul,M6,M6,2013,2015,0,3.3,100.00%,3.3,0,0,4,90,Plan,125,USD,2014,2,249.2,75.5,1.352684002,337.1,102.1,Plan,https://www.uab.gov.tr/uploads/cities/istanbul/34-istanbul.pdf,,,,
TR,Istanbul,M3,M3 Phase 3,2017,2022,0,6.2,100.00%,6.2,0,0,4,180,Plan,206,USD,2020,3.3,679.47,109.6,1.237308306,840.7,135.6,Plan,"https://rayhaber.com/2017/03/basaksehir-kayasehir-metrosu-insaati-ihale-sonucu/,",,,,
TR,Istanbul,M7,M7 Phase 3,2017,2027,0,18.5,97.30%,18,0,0,11,180,Plan,896,USD,2020,3.3,2957.79,159.9,1.237308306,"3,659.7",197.8,Plan,https://www.ibb.istanbul/Uploads/2019/10/1.-DOc.DR.PELiN-ALPKoKiN--RAYLI-SiSTEMLERiN-MEVCUT-DURUMU.pdf,,,,
TR,Istanbul,M9,M9,2016,2023,0,13.4,100.00%,13.4,0,0,12,90,Plan,387,USD,2020,3.3,1276.11,95.2,1.237308306,"1,578.9",117.8,Plan,https://www.ibb.istanbul/Uploads/2019/10/1.-DOc.DR.PELiN-ALPKoKiN--RAYLI-SiSTEMLERiN-MEVCUT-DURUMU.pdf,,,,
TR,Istanbul,M1,M1A-M1B (LR),1987,2014,0,26.6,36.47%,9.7,0,0,23,100-140,Plan,882,USD,2000,2.2,1940.4,72.9,1.859634146,"3,608.4",135.7,Plan,,,,,
DE,Munich,Second Trunk Line,Second Trunk Line,2016,2028,1,7.2,100.00%,7.2,0,0,3,210,Plan,"3,849",EUR,2020,1.35,5196.15,721.7,1.237308306,"6,429.2",892.9,Plan,https://www.2.stammstrecke-muenchen.de/kosten-und-finanzierung.html,,,,
TR,Istanbul,M1,M1B,2017,2027,0,9.7,95.00%,9.3,0,0,10,125,Plan,786,USD,2020,3.3,2593.8,267.4,1.237308306,"3,209.3",330.9,Media,https://ekap.kik.gov.tr/EKAP/Ortak/IhaleArama/index.html,,,,
TR,Istanbul,M4 P4-M10,M4 P4-M10,2017,2024,0,14,100.00%,14,0,0,8,180,Plan,344,USD,2020,3.3,1135.2,81.1,1.237308306,"1,404.6",100.3,Media,https://ekap.kik.gov.tr/EKAP/Ortak/IhaleArama/index.html,,,,
PL,_ód_,Cross-City Line,Cross-City Line,2018,2023,1,5.25,100.00%,5.25,0,0,2,,Wiki,"1,760",PLN,2020,0.561,987.36,188.1,1.237308306,"1,221.7",232.7,Trade,https://www.transport-publiczny.pl/mobile/rusza-drazenie-tuneli-w-lodzi-tunele-wykonaja-katarzyna-i-faustyna-67079.html,,,,
FR,Paris,RER D,RER D Gare de Lyon-Les Halles,1991,1995,1,2.5,100.00%,2.5,0,0,0,,Plan,321,EUR,2003,1.25,401.25,160.5,1.740375,698.3,279.3,Plan,http://www.cgedd.developpement-durable.gouv.fr/IMG/pdf/RER_D_ChateletGareLyon_cle776cb1-1.pdf,,,,
TW,Taipei,Keelung MRT,Keelung MRT,2023,2032,0,16,10.00%,1.6,12.8,1.6,13,,Media,"42,500",TWD,2027,0.0664,2822,176.4,1,"2,822.0",176.4,Media,https://focustaiwan.tw/politics/202202220017,,,,
CZ,Prague,Line C,Line C to Letnany,2004,2008,0,4.6,100.00%,4.6,0,0,3,97,Wiki,"15,000",CZK,2006,0.069,1035,225.0,1.5884375,"1,644.0",357.4,Media,https://zpravy.aktualne.cz/czk-15bn-prague-metro-extension-ends-in-a-field/r~i:article:630675/,,,,
CZ,Prague,Line D,Line D,2021,2029,0,10.5,90.00%,9.5,1,0,10,97,Wiki,"73,000",CZK,2025,0.0776,5664.8,539.5,#N/A,#N/A,#N/A,Media,https://deutsch.radio.cz/prager-metro-bau-der-neuen-linie-d-nimmt-konturen-8683676,,,,
DE,Munich,U3,U3 to Moosach,2004,2010,0,1.7,100.00%,1.7,0,0,2,120,Trade,180,EUR,2007,1.25,225,132.4,1.544448303,347.5,204.4,Trade,https://www.u-bahn-muenchen.de/report/baustellenreport/moosach/,,,,
DE,Munich,U5,U5 to Pasing,2022,2029,0,3.8,100.00%,3.8,0,0,3,120,Plan,988,EUR,2025,1.35,1333.8,351.0,#N/A,#N/A,#N/A,Media,https://www.sueddeutsche.de/muenchen/muenchen-u-bahn-u5-pasing-kosten-1.5475070,,,,
IT,Catania,Galatea-Stesicoro,Galatea-Stesicoro,2001,2016,0,1.9,100.00%,1.9,0,0,2,80,plan,85,EUR,2012,1.3,110.5,58.2,1.394762058,154.1,81.1,Plan,http://silos.infrastrutturestrategiche.it/admin/scheda.aspx?id=1723,,,,
IT,Catania,Borgo-Nesima,Borgo-Nesima,2007,2017,0,3.1,100.00%,3.1,0,0,4,80,plan,104,EUR,2012,1.3,135.2,43.6,1.394762058,188.6,60.8,Plan,http://silos.infrastrutturestrategiche.it/admin/scheda.aspx?id=1723,,,,
IT,Catania,Nesima-Monte Po,Nesima-Monte Po,2015,2022,0,1.7,100.00%,1.7,0,0,2,80,plan,93,EUR,2018,1.3,120.9,71.1,1.275269108,154.2,90.7,Plan,http://silos.infrastrutturestrategiche.it/admin/scheda.aspx?id=1723,,,,
IT,Catania,Stesicoro-Aeroporto,Stesicoro-Aeroporto,2017,2025,0,6.4,100.00%,6.4,0,0,8,80,plan,419,EUR,2020,1.3,544.7,85.1,1.237308306,674.0,105.3,Plan,http://silos.infrastrutturestrategiche.it/admin/scheda.aspx?id=1723,,,,
IT,Catania,Monte-Po- MisterbiancoCentro,Monte-Po- MisterbiancoCentro,2019,2024,0,2.1,100.00%,2.1,0,0,2,80,plan,124,EUR,2021,1.3,161.2,76.8,1.181787652,190.5,90.7,Plan,http://silos.infrastrutturestrategiche.it/admin/scheda.aspx?id=1723,,,,
IT,Catania,Misterbianco Centro-Paterno',Misterbianco Centro-Paterno',2022,2026,0,11.5,52.00%,6,0,5.5,5,80,plan,432,EUR,2024,1.3,561.6,48.8,1.020848675,573.3,49.9,plan,http://silos.infrastrutturestrategiche.it/admin/scheda.aspx?id=1723,,,,
IT,Genova,Principe - De Ferrari,Principe - De Ferrari,1998,2006,0,2.5,100.00%,2.5,0,0,4,80,wiki,212,EUR,2002,1.3,275.6,110.2,1.780038911,490.6,196.2,plan,http://www.rivistacorteconti.it/export/sites/rivistaweb/RepositoryPdf/2017/fascicolo_16_2017/30_CDC_gestione_4.pdf,,,,
IT,Genova,De Ferrari - Brignole,De Ferrari - Brignole,2006,2012,0,1.5,87.00%,1.3,0,0.2,1,80,wiki,200,EUR,2009,1.3,260,173.3,1.492651617,388.1,258.7,plan,https://www.gazzettaufficiale.it/atto/serie_generale/caricaDettaglioAtto/originario?atto.dataPubblicazioneGazzetta=2009-11-19&atto.codiceRedazionale=09A13744&elenco30giorni=false,,,,
IT,Genova,Brin-Canepari + Brignole Martinez,Brin-Canepari + Brignole Martinez,2020,2023,0,1.5,0.00%,0,0.3,1.2,2,80,wiki,63,EUR,2022,1.3,81.9,54.6,1.094220157,89.6,59.7,plan,https://smart.comune.genova.it/articoli/presentato-ai-cittadini-il-progetto-della-nuova-metro-brin-canepari,,,,
IT,Milan,M5,M5 (Bignami Moza),2022,2029,0,12.6,100.00%,12.6,0,0,12,50,plan,"1,250",EUR,2025,1.3,1625,129.0,#N/A,#N/A,#N/A,plan,http://allegati.comune.milano.it/trasportiambiente/SportelloUnicoMobilita/LINEAM5.pdf and https://www.camera.it/temiap/temi16/2011scheda[089].pdf,,,,
IT,Milan,M1,M1 (Bisceglie - Baggio),2022,2027,0,3.3,100.00%,3.3,0,0,3,110,plan,396,EUR,2025,1.3,514.8,156.0,#N/A,#N/A,#N/A,plan,https://www.comune.milano.it/aree-tematiche/mobilita/strade-e-sottosuolo/prolungamento-m1-quartiere-baggio-olmi-valsesia,,,,
IT,Milan,M1,M1 (Sesto FS - Monza Bettola),2010,2022,0,1.9,100.00%,1.9,0,0,2,110,wiki,143,EUR,2015,1.3,185.9,97.8,1.351080302,251.2,132.2,plan,http://silos.infrastrutturestrategiche.it/admin/scheda.aspx?id=1256      and     https://www.comune.milano.it/detail?docid=015146_2016_158420,,,,
IT,Milan,M1,M2 (Famagosta-Assago),?,2011,0,4.8,0.00%,0,0,4.8,2,110,wiki,70,EUR,2005,1.3,91,19.0,1.639677419,149.2,31.1,plan,http://www.rivistacorteconti.it/export/sites/rivistaweb/RepositoryPdf/2017/fascicolo_16_2017/30_CDC_gestione_4.pdf,,,,
IT,Milan,M3,M3 (Maciachini-Comasina),?,2011,0,3.9,100.00%,3.9,0,0,4,110,wiki,267,EUR,2005,1.3,347.1,89.0,1.639677419,569.1,145.9,plan,http://www.rivistacorteconti.it/export/sites/rivistaweb/RepositoryPdf/2017/fascicolo_16_2017/30_CDC_gestione_4.pdf,,,,
IT,Milan,M1,M1 (Molino Dorino-Rho MilanoFiera),2003,2005,0,2.1,100.00%,2.1,0,0,2,110,wiki,95,EUR,2004,1.3,123.5,58.8,1.695230281,209.4,99.7,plan,http://silos.infrastrutturestrategiche.it/admin/scheda.aspx?id=1241,,,,
IT,Naples,Line 1,Line 1 (Piscinola - Dante),1986,2003,0,13.7,70.00%,9.6,4.1,0,14,110,plan,"1,474",EUR,1990,1.3,1916.2,139.9,2.450107116,"4,694.9",342.7,plan,https://www.regione.campania.it/assets/documents/delibera-20-2017.pdf,,,,
IT,Naples,MCNE,MCNE (Piscinola- Aversa),2001,2009,0,10.6,100.00%,10.6,0,0,5,110,wiki,611,EUR,2005,1.3,794.3,74.9,1.639677419,"1,302.4",122.9,plan,http://silos.infrastrutturestrategiche.it/admin/scheda.aspx?id=1332,,,,
IT,Naples,Line 1/MCNE (Piscinola-Secondigliano),Line 1/MCNE (Piscinola-Secondigliano),1999,2023,0,3.3,100.00%,3.3,0,0,4,110,wiki,391,EUR,2010,1.3,508.3,154.0,1.468563121,746.5,226.2,plan,https://www.regione.campania.it/assets/documents/delibera-20-2017.pdf,,,,
CA,Edmonton,Valley Line Southeast,Valley Line Southeast,2016,2023,0,13.1,3.00%,0.4,,,12,125,Wiki,"1,800",CAD,2019,0.802,1443.6,110.2,1.252572783,"1,808.2",138.0,Media,https://edmontonjournal.com/news/local-news/long-delayed-1-8-billion-valley-line-lrt-stymied-yet-again,,,,
CN,Changzhou,Line 1,Line 1 Phase 1,2019,,0,34.237,92%,31.635,,,29,117,,"23,297.00",CNY,2021,0.2390,5567.98,162.6,1.181787652,"6,580.2",192.2,Trade,http://www.rail-transit.com/project/show.php?itemid=261,,,,
CN,Changzhou,Line 2,Line 2 Phase 1,2021,,0,19.79,100%,19.79,,,15,117,,"14,864.00",CNY,2021,0.2390,3552.50,179.5,1.181787652,"4,198.3",212.1,,http://www.rail-transit.com/project/show.php?itemid=41,,,,
CN,Foshan,Guangfo Line,Guangfo Line,2007,2011,0,32.16,100%,32.16,,,21,78,,"14,519.00",CNY,2009,0.317,4602.52,143.1,1.492651617,"6,870.0",213.6,,http://www.guangfometro.cn/Pages/Company/Default.aspx,,,,
CN,Foshan,Line 11,Line 11,2021,2026,0,36.4,66%,24,,,18,117,,"26,060.00",CNY,2021,0.2390,6228.34,171.1,1.181787652,"7,360.6",202.2,Trade,http://www.rail-transit.com/project/show.php?itemid=650,,,,
CN,Guilin,Line 1,Line 1,2020,,0,29.27,6%,1.9,,,13,,,"8,299.00",CNY,2020,0.2390,1983.46,67.8,1.237308306,"2,454.2",83.8,Trade,http://www.rail-transit.com/project/show.php?itemid=278,,,,
CN,Harbin,Line 2,Line 2 Phase 2 North and South Ext,2016,,0,14.1,100%,14.1,,,11,117,,"8,750.00",CNY,2016,0.251,2196.25,155.8,1.334248584,"2,930.3",207.8,Plan,https://web.archive.org/web/20160509075613/http://www.harbin-metro.com/system/20160418/000002978.html,,,,
CN,Harbin,Line 1,Line 1 Phase 4,2016,,0,2.6,100%,2.6,,,2,117,,"1,750.00",CNY,2016,0.251,439.25,168.9,1.334248584,586.1,225.4,Plan,https://web.archive.org/web/20160509075613/http://www.harbin-metro.com/system/20160418/000002978.html,,,,
CN,Harbin,Line 2,Line 2 Phase 1,2021,,0,28.7,100%,28.7,,,19,117,,"20,488",CNY,2021,0.2390,4896.63,170.6,1.181787652,"5,786.8",201.6,Trade,http://www.rail-transit.com/project/show.php?itemid=212,See sceenshot,,,
CN,Harbin,Line 3,Line 3 Phase 2,2021,,0,32.18,100%,32.2,,,31,117,,"26,700",CNY,2021,0.2390,6381.30,198.3,1.181787652,"7,541.3",234.3,Trade,http://www.rail-transit.com/project/show.php?itemid=232,,,,
CN,Harbin,Line 4,Line 4 Phase 1,2016,,0,32.2,100%,32.2,,,27,,,"23,760.00",CNY,2016,0.251,5963.76,185.2,1.334248584,"7,957.1",247.1,Plan,https://web.archive.org/web/20160509075613/http://www.harbin-metro.com/system/20160418/000002978.html,,,,
CN,Harbin,Line 5,Line 5 Phase 1,2016,,0,36.1,100%,36.1,,,25,,,"22,230.00",CNY,2016,0.251,5579.73,154.6,1.334248584,"7,444.7",206.2,Plan,https://web.archive.org/web/20160509075613/http://www.harbin-metro.com/system/20160418/000002978.html,,,,
CN,Harbin,Line 1,Line 1 Phase 1,2005,,0,14.4,100%,14.4,,,16,117,,"5,890.00",CNY,2005,0.352,2073.28,144.0,1.639677419,"3,399.5",236.1,Plan,http://www.gov.cn/jrzg/2005-12/05/content_118066.htm,,,,
KR,Incheon,Line 2,Line 2 Goyang Extension Project,2020,,0,18.5,,,,,,,,"1,750,200",KRW,2020,0.00121,2117.74,114.5,1.237308306,"2,620.3",141.6,Media,https://www.kgnews.co.kr/mobile/article.html?no=674722,,,,
KR,Incheon,Line 2,Line 2,2009,2016,0,29.1,78.35%,22.8,,,27,,,"2,459,000",KRW,2012,0.00117,2877.03,98.9,1.394762058,"4,012.8",137.9,Media,http://www.incheonnews.com/news/articleView.html?idxno=86652,,,,
CN,Jiaxing,Hujia Regional Railway,Hujia Regional Railway (Zhejiang section),2020,,1,35.01,0%,0,,,8,184,,"17,000.00",CNY,2020,0.2390,4063.00,116.1,1.237308306,"5,027.2",143.6,Trade,http://www.rail-transit.com/project/show.php?itemid=379,,,,
IN,Kanpur,Line 1,Line 1 and 2,2019,2022,0,32.385,39.90%,12.921,19.464,,31,,,"110,765",INR,2021,0.0432,4785.05,147.8,1.181787652,"5,654.9",174.6,Media,https://timesofindia.indiatimes.com/city/kanpur/first-train-set-for-kanpur-metro-project-rolls-out-from-gujarats-savli/articleshow/86322835.cms,,,,
CN,Putian,F2 Line,F2 Line,2020,,1,23.8,63%,14.9,,,,,,"13,530.00",CNY,2020,0.2390,3233.67,135.9,1.237308306,"4,001.0",168.1,Trade,http://www.rail-transit.com/project/show.php?itemid=532,,,,
CN,Shaoxing,Hangshao Line,Hangshao Line,2016,2021,0,20.3,49%,9.87,,,10,117,,"12,790.00",CNY,2019,0.2380,3044.02,150.0,1.252572783,"3,812.9",187.8,Trade,http://www.ce.cn/cysc/jtys/tielu/202102/02/t20210202_36283657.shtml,http://www.rail-transit.com/project/show.php?itemid=259,,,
CN,Shijiazhuang,Line 6,Line 6 Phase 1,2020,,0,15.76,100%,15.76,,,11,,,"10,063.00",CNY,2020,0.2390,2405.06,152.6,1.237308306,"2,975.8",188.8,Trade,http://www.rail-transit.com/project/show.php?itemid=572,,,,
CN,Shijiazhuang,Line 4,Line 4,2020,,0,24.4,100%,24.4,,,21,,,"17,201.00",CNY,2020,0.2390,4111.04,168.5,1.237308306,"5,086.6",208.5,Trade,http://www.rail-transit.com/project/show.php?itemid=573,,,,
IN,Surat,Line 1 and 2,Line 1 and 2,2021,2023,0,40.35,16.03%,6.47,33.88,,38,,,"120,203",INR,2021,0.0432,5192.77,128.7,1.181787652,"6,136.8",152.1,Media,https://indianexpress.com/article/cities/surat/tenders-worth-rs-3002-cr-awarded-work-for-phase-1-of-surat-metro-begins-7511571/,,,,
CN,Wenzhou,S3,S3 Phase 1,2022,,0,31.17,9%,2.8,,,12,138,,"12,240.00",CNY,2021,0.2390,2925.36,93.9,1.181787652,"3,457.2",110.9,,https://www.163.com/dy/article/GT2J4GU20545AOQT.html,,,,
CN,Wuxi,Line S1,Line S1,2019,2023,0,30.4,35%,10.5,,,9,117,,"14,403.00",CNY,2021,0.2390,3442.32,113.2,1.181787652,"4,068.1",133.8,,http://www.rail-transit.com/project/show.php?itemid=234,,,,
CN,Wuxi,Line 4,Line 4 Phase 1,2021,,0,24.4,100%,24.4,,,18,117,,"18,318.00",CNY,2021,0.2390,4378.00,179.4,1.181787652,"5,173.9",212.0,,http://www.rail-transit.com/project/show.php?itemid=100,,,,
CN,Wuxi,Line 2,Line 2 Phase 1,2010,2014,0,26.3,75%,19.6,,,20,117,,"17,487.00",CNY,2012,0.2810,4913.85,186.8,1.394762058,"6,853.6",260.6,,http://m.thepaper.cn/kuaibao_detail.jsp?contid=4947698&from=kuaibao,https://kns.cnki.net/kcms/detail/detail.aspx?filename=XDGD201501028&dbname=cjfdtotal&dbcode=CJFD&v=MTkxNjl6c09UM2lRclJjekZyQ1VSN2lmWStSc0Z5N25Vci9CUFNuTWFyRzRIOVRNcm85SGJJUjZEZzgvemhZVTc=,,,
CN,Wuxi,Line 1,Line 1 South,,2019,0,5.187,100%,5.187,,,3,117,,"2,598.00",CNY,2019,0.2380,618.32,119.2,1.252572783,774.5,149.3,,http://www.rail-transit.com/project/show.php?itemid=308,,,,
CN,Wuxi,Wuxi-Yixing Intercity,Wuxi-Yixing Intercity,2022,,0,30,,,,,6,92,,"15,716.00",CNY,2021,0.2390,3756.12,125.2,1.181787652,"4,438.9",148.0,,https://www.seetao.com/details/158417.html,,,,
CN,Wuxi,Line 1,Line 1 Phase 1,2014,,0,29.4,83%,24.4,,,24,117,,"18,500.00",CNY,2014,0.266,4921.00,167.4,1.352684002,"6,656.6",226.4,,https://www.audit.gov.cn/n4/n19/c45720/content.html,,,,
CN,Wuxi,Line 3,Line 3 Phase 1,2020,,0,28.5,100%,28.5,,,21,117,,"20,538.00",CNY,2020,0.2390,4908.58,172.2,1.237308306,"6,073.4",213.1,,http://www.rail-transit.com/project/show.php?itemid=283,,,,
CN,Yiwu,Phase 1,Phase 1 Program,2020,,0,107.17,,,,,31,117,Trade,"34,683.00",CNY,2020,0.2390,8289.24,77.3,1.237308306,"10,256.3",95.7,Trade,http://www.rail-transit.com/project/show.php?itemid=78,,,,
CN,Zibo,Line 1,Line 1,2020,,0,20.82,62%,12.86,,,15,,Trade,"13,451.89",CNY,2020,0.2390,3215.00,154.4,1.237308306,"3,977.9",191.1,Trade,http://www.rail-transit.com/project/show.php?itemid=117,,,,
CN,Foshan,Line 2,Line 2 Phase 2,2021,2026,0,23.5,0.54,12.7,,,10,117,,12228,CNY,2021,0.2390,2922.49,124.4,1.181787652,"3,453.8",147.0,,http://fs.fccs.com/news/6022708.html,https://www.ndrc.gov.cn/xxgk/zcfb/pifu/202101/t20210126_1316566.html?code=&state=123,,,
CN,Foshan,Line 3,Line 3 Phase 1,2016,2022,0,69.5,86%,59.5,,,37,117,,"42,572.00",CNY,2019,0.2380,10132.14,145.8,1.252572783,"12,691.2",182.6,,https://3g.163.com/dy/article/EBK3L3990525EER4.html,,,,
CN,Foshan,Line 2,Line 2 Phase 1,2014,2021,0,32.41,78%,25.3,,,17,117,,"20,671.00",CNY,2018,0.237,4899.03,151.2,1.275269108,"6,247.6",192.8,,http://www.rail-transit.com/project/show.php?itemid=240,,,,
CN,Foshan,Line 4,Line 4 Phase 1,2021,2026,0,55.91,88%,49.1,,,33,117,,"44,601.00",CNY,2021,0.2390,10659.64,190.7,1.181787652,"12,597.4",225.3,,rail-transit.com/project/show.php?itemid=649,http://fs.fccs.com/news/6022708.html,https://www.ndrc.gov.cn/xxgk/zcfb/pifu/202101/t20210126_1316566.html?code=&state=123,,
CN,Dalian,Line 4,Line 4,2010,2022,0,24.484,1,24.484,,,18,117,Trade,"18,217.00",CNY,2016,0.251,4572.47,186.8,1.334248584,"6,100.8",249.2,Trade,http://www.rail-transit.com/project/show.php?itemid=163,,,,
CN,Dalian,Line 1,Line 1 Phase 3,2010,2021,0,13.2,14%,1.8,,,3,117,Plan,"7,200.00",CNY,2016,0.251,1807.20,136.9,1.334248584,"2,411.3",182.7,Plan,http://www.rail-transit.com/project/show.php?itemid=609,,,,
CN,Fuzhou,Line 1,Line 1 South Extension,2015,2020,0,4.924,100%,4.924,,,4,117,,"2,883.00",CNY,2018,0.237,683.27,138.8,1.275269108,871.4,177.0,,https://www.sohu.com/a/417789253_410388,,,,
CN,Fuzhou,F1,F1 Express Line,2021,,0,62.4,76%,47.2,,,15,138,,"39,890.00",CNY,2021,0.2390,9533.71,152.8,1.181787652,"11,266.8",180.6,,https://new.qq.com/omn/20210613/20210613A08PZJ00.html,,,,
CN,Fuzhou,Line 2,Line 2 East Extension,2020,,0,16.88,100%,16.88,,,12,117,,"12,706.00",CNY,2020,0.2390,3036.73,179.9,1.237308306,"3,757.4",222.6,,https://xm.leju.com/news/2020-07-10/14296687241366554352613.shtml,http://fgw.fuzhou.gov.cn/zz/fgwzwgk/tzgg/201804/t20180428_2189534.htm,,,
CN,Fuzhou,Line 1,Line 1 Phase 1,2009,2017,0,24.6,100%,24.6,,,21,117,,"17,337.00",CNY,2013,0.273,4733.00,192.4,1.374627077,"6,506.1",264.5,,http://www.fzmtr.com/cms/pages/680468206126290000/attachments/%E9%99%84%E4%BB%B63%EF%BC%9A%E7%A6%8F%E5%B7%9E%E5%B8%82%E8%BD%A8%E9%81%93%E4%BA%A4%E9%80%9A1%E5%8F%B7%E7%BA%BF%E5%B7%A5%E7%A8%8B%EF%BC%88%E4%B8%80%E6%9C%9F%EF%BC%89%E5%8C%97%E6%AE%B5%E5%8F%8A%E5%85%A8%E7%BA%BF%E7%AB%A3%E5%B7%A5%E7%8E%AF%E5%A2%83%E4%BF%9D%E6%8A%A4%E9%AA%8C%E6%94%B6%E4%BC%9A%E9%AA%8C%E6%94%B6%E6%84%8F%E8%A7%81.pdf,,,,
CN,Hohhot,Line 2,Line 2,2020,,0,27.3,100%,27.3,,,24,117,,"20,304.00",CNY,2020,0.2390,4852.66,177.8,1.237308306,"6,004.2",219.9,,http://www.rail-transit.com/project/show.php?itemid=202,,,,
CN,Huizhou,Line 1,Line 1,2018,,0,58,,,,,26,,,"40,000.00",CNY,2018,0.237,9480.00,163.4,1.275269108,"12,089.6",208.4,,http://www.rail-transit.com/project/show.php?itemid=230,,,,
CN,Jinan,Line 3,Line 3 Phase 1,,2022,0,21.57,1,21.6,,,13,117,,13446,CNY,2021,0.2390,3213.59,149.0,1.181787652,"3,797.8",176.1,,http://www.rail-transit.com/project/show.php?itemid=239,http://m.iqilu.com/pcarticle/4545295,,,
CN,Jinan,Line 2,Line 2,2021,,0,36.39,95%,34.6,,,18,117,,"22,800.00",CNY,2021,0.2390,5449.20,149.7,1.181787652,"6,439.8",177.0,,rail-transit.com/project/show.php?itemid=228,,,,
CN,Jinan,Line 4,Line 4 Phase 1,2021,,0,40.3,1,40.3,,,33,138,,39900,CNY,2021,0.2390,9536.10,236.6,1.181787652,"11,269.6",279.6,,http://www.rail-transit.com/project/show.php?itemid=617,,,,
CN,Luoyang,Line 2,Line 2,2022,,0,18.216,100%,18.216,,,15,117,,"14,832.21",CNY,2021,0.2390,3544.90,194.6,1.181787652,"4,189.3",230.0,,http://www.rail-transit.com/project/show.php?itemid=164,,,,
CN,Ningbo,Ningbo-Fenghua Line,Ningbo-Fenghua Line,,2019,0,21.59,4%,0.84,,,9,117,,"7,386.00",CNY,2019,0.2380,1757.87,81.4,1.252572783,"2,201.9",102.0,,http://www.rail-transit.com/project/show.php?itemid=282,,,,
CN,Ningbo,Line 3,Line 3 Southern Extension,2020,,0,12.7,17%,2.2,,,6,117,,"5,200.00",CNY,2020,0.2390,1242.80,97.9,1.237308306,"1,537.7",121.1,,http://www.rail-transit.com/project/show.php?itemid=554,,,,
CN,Ningbo,Line 4,Line 4,,2021,0,35.95,68%,24.45,,,25,117,,"20,560.00",CNY,2021,0.2390,4913.84,136.7,1.181787652,"5,807.1",161.5,,http://www.rail-transit.com/project/show.php?itemid=273,,,,
CN,Ningbo,2013-2020 Program,2013-2020 Program,2013,2020,0,100.1,,,,,,117,,"64,040.00",CNY,2017,0.239,15305.56,152.9,1.306417265,"19,995.4",199.8,,http://www.cnnb.com.cn/dwhzlm/system/2013/11/15/007905106.shtml,,,,
CN,Ningbo,Line 5,Line 5 Phase 1,2021,,0,27.91,100%,27.91,,,22,117,,"19,900.00",CNY,2021,0.2390,4756.10,170.4,1.181787652,"5,620.7",201.4,,http://www.rail-transit.com/project/show.php?itemid=236,,,,
CN,Ningbo,Line 3,Line 3 Phase 2,2021,,0,9.05,100%,9.05,,,5,117,,"7,485.00",CNY,2021,0.2390,1788.92,197.7,1.181787652,"2,114.1",233.6,,http://www.rail-transit.com/project/show.php?itemid=503,,,,
CN,Ningbo,Line 3,Line 3 Phase 1,,2019,0,16.73,100%,16.73,,,15,117,,"14,870.00",CNY,2019,0.2380,3539.06,211.5,1.252572783,"4,432.9",265.0,,http://www.rail-transit.com/project/show.php?itemid=320,promeechina.com/newsinfo.html?id=27,,,
CN,Qingdao,Line 11,Line 11,,2018,0,58.35,10%,5.81,,,22,117,,"19,500.00",CNY,2018,0.237,4621.50,79.2,1.275269108,"5,893.7",101.0,,http://www.sasac.gov.cn/n2588025/n2588124/c8918136/content.html,http://sd.sina.com.cn/news/2018-04-12/detail-ifyzeyqa8611820.shtml,,,
CN,Qingdao,Qingdao-Pingdu Intercity Rail,Qingdao-Pingdu Intercity Rail,,2020,0,60,20%,12,,,10,117,,"20,763.00",CNY,2020,0.239,4962.36,82.7,1.237308306,"6,140.0",102.3,,http://www.rail-transit.com/project/show.php?itemid=140,,,,
CN,Qingdao,Line 8,Line 8 Branch,2021,2026,0,18.8,100%,18.8,,,9,117,,"11,492.00",CNY,2021,0.2390,2746.59,146.1,1.181787652,"3,245.9",172.7,,https://zfxxgk.ndrc.gov.cn/web/iteminfo.jsp?id=18249,,,,
CN,Qingdao,Line 8,Line 8,,2021,0,61.4,,,,,16,117,,"32,100.00",CNY,2021,0.2390,7671.90,124.9,1.181787652,"9,066.6",147.7,,http://www.rail-transit.com/project/show.php?itemid=187,,,,
CN,Qingdao,Line 6,Line 6 Phase 2 South,2021,2026,0,13.85,100%,13.85,,,10,117,,"8,302.00",CNY,2021,0.2390,1984.18,143.3,1.181787652,"2,344.9",169.3,,http://www.rail-transit.com/project/show.php?itemid=725,https://zfxxgk.ndrc.gov.cn/web/iteminfo.jsp?id=18249,,,
CN,Qingdao,Line 15,Line 15,2021,2026,0,30.8,100%,30.8,,,17,117,,"19,478.00",CNY,2021,0.2390,4655.24,151.1,1.181787652,"5,501.5",178.6,,http://www.rail-transit.com/project/show.php?itemid=400,https://zfxxgk.ndrc.gov.cn/web/iteminfo.jsp?id=18249,,,
CN,Qingdao,Line 1 + Line 7,Line 1 + Line 7 Phase 1,,2021,0,59.97,100%,59.97,,,40,117,,"39,990.00",CNY,2021,0.2390,9557.61,159.4,1.181787652,"11,295.1",188.3,,http://www.rail-transit.com/project/show.php?itemid=229,,,,
CN,Qingdao,Line 2,Line 2,2019,,0,25,100%,25,,,22,117,,"29,376.80",CNY,2019,0.2380,6991.68,279.7,1.252572783,"8,757.6",350.3,,http://www.rail-transit.com/project/show.php?itemid=450,,,,
CN,Qingdao,Line 9,Line 9,2021,2026,0,16.63,100%,16.63,,,13,117,,"12,590.00",CNY,2021,0.2390,3009.01,180.9,1.181787652,"3,556.0",213.8,,http://www.rail-transit.com/project/show.php?itemid=726,https://zfxxgk.ndrc.gov.cn/web/iteminfo.jsp?id=18249,,,
CN,Qingdao,Line 3,Line 3,2010,,0,25,100%,25,,,22,117,,"17,500.00",CNY,2010,0.3,5250.00,210.0,1.468563121,"7,710.0",308.4,,https://ditie.mapbar.com/qingdao/news/37965.html,,,,
CN,Qingdao,Line 2,Line 2 Phase 2 East Section,2021,,0,8.89,100%,8.89,,,8,117,,"6,770.00",CNY,2021,0.2390,1618.03,182.0,1.181787652,"1,912.2",215.1,,http://www.rail-transit.com/project/show.php?itemid=668,https://zfxxgk.ndrc.gov.cn/web/iteminfo.jsp?id=18249,,,
CN,Qingdao,Line 5,Line 5,2021,2026,0,32.7,100%,32.7,,,29,117,,"26,030.00",CNY,2021,0.2390,6221.17,190.2,1.181787652,"7,352.1",224.8,,http://www.rail-transit.com/project/show.php?itemid=669,https://zfxxgk.ndrc.gov.cn/web/iteminfo.jsp?id=18249,,,
CN,Urumqi,Line 4,Line 4 Phase 1,2018,,0,20.556,1,20.556,,,16,138,,"16,787",CNY,2018,0.237,3978.52,193.5,1.275269108,"5,073.7",246.8,,http://www.rail-transit.com/project/show.php?itemid=195,,,,
CN,Urumqi,Line 2,Line 2,,2021,0,19.35,,,,,16,138,,"16,260",CNY,2021,0.2390,3886.14,200.8,1.181787652,"4,592.6",237.3,,http://www.rail-transit.com/project/show.php?itemid=130,,,,
CN,Urumqi,Line 1,Line 1,2014,2019,0,27.615,100%,27.615,,,21,138,,"21,694.00",CNY,2017,0.239,5184.87,187.8,1.306417265,"6,773.6",245.3,,http://www.rail-transit.com/project/show.php?itemid=428,https://web.archive.org/web/20191106163139/http://www.bjgdjs.com/html/2019-09/797.html,,,
CN,Nanchang,Line 1,Line 1 North Extension,2021,,0,16.973,80%,13.528,,,8,117,,"10,341.00",CNY,2021,0.2390,2471.50,145.6,1.181787652,"2,920.8",172.1,,http://www.rail-transit.com/project/show.php?itemid=391,,,,
CN,Nanchang,Phase 1,Phase 1 Expansion (Line 1 and 2),2009,2016,0,50.6,100%,50.6,,,50,117,,"27,440.00",CNY,2013,0.273,7491.12,148.0,1.374627077,"10,297.5",203.5,,http://www.jiangxi.gov.cn/art/2018/8/16/art_4985_350163.html,,,,
CN,Nanning,Wuming Line,Wuming Line,2021,,0,53.2,20%,10.6,,,13,117,,"16,500.00",CNY,2021,0.2390,3943.50,74.1,1.181787652,"4,660.4",87.6,,http://www.rail-transit.com/project/show.php?itemid=587,,,,
CN,Nanning,Airport Line,Airport Line,2021,,0,22.8,,,,,5,,,"8,450.00",CNY,2021,0.2390,2019.55,88.6,1.181787652,"2,386.7",104.7,,http://www.rail-transit.com/project/show.php?itemid=524,,,,
CN,Nantong,Line 1,Line 1,2019,,0,39.4,100%,39.4,,,28,117,,"26,902.00",CNY,2019,0.2380,6402.68,162.5,1.252572783,"8,019.8",203.5,,http://www.rail-transit.com/project/show.php?itemid=56,,,,
CN,Nantong,Line 2,Line 2,2020,,0,20.85,100%,20.85,,,17,117,,"15,119.64",CNY,2020,0.2390,3613.59,173.3,1.237308306,"4,471.1",214.4,,http://www.rail-transit.com/project/show.php?itemid=339,,,,
KR,Seoul,Sinbundang,Sinbundang Phase 3 Section 1,2022,,0,4.19,100.00%,4.19,,,1,200,,"427,100",KRW,2021,0.0012,512.52,122.3,1.181787652,605.7,144.6,,engdaily.com/news/articleView.html?idxno=14873,,,,
KR,Seoul,Sinbundang,Sinbundang Phase 3 Section 2,2022,,0,3.59,100.00%,3.59,,,2,200,,"356,100",KRW,2021,0.0012,427.32,119.0,1.181787652,505.0,140.7,,engdaily.com/news/articleView.html?idxno=14873,,,,
KR,Seoul,Sinbundang,Sinbundang Phase 3 Section 3,2022,,0,2.571,100.00%,2.571,,,1,200,,"247,400",KRW,2021,0.0012,296.88,115.5,1.181787652,350.8,136.5,,engdaily.com/news/articleView.html?idxno=14873,,,,
KR,Seoul,Sillim Light Metro,Sillim Light Metro,2017,2022,0,7.8,100.00%,7.8,,,11,,,"826,400",KRW,2020,0.001,826.40,105.9,1.237308306,"1,022.5",131.1,,https://www.donga.com/news/Society/article/all/20201227/104655671/1,,,,
KR,Seoul,Ui Light Metro,Ui Light Metro,2009,2017,0,11.4,100.00%,11.4,,,13,,,"911,500",KRW,2013,0.001,911.50,80.0,1.374627077,"1,253.0",109.9,,http://m.ufnews.co.kr/main/sub_news_detail.html?wr_id=4725,,,,
KR,Seoul,GTX A,GTX A,2018,2025,1,83.1,,,,,,,,"1,940,000",KRW,2021,0.0012,2328.00,28.0,1.181787652,"2,751.2",33.1,,https://biz.chosun.com/policy/policy_sub/2021/10/05/EY5IMDNIDZAGHLQO7KIGLMGBQQ/,,,,
KR,Seoul,Jinjeop Line,Jinjeop Line,2014,2022,0,14.9,100.00%,14.9,,,4,200,,"1,400,000",KRW,2018,0.001,1400.00,94.0,1.275269108,"1,785.4",119.8,,https://www.yna.co.kr/view/AKR20220112075600060,,,,
KR,Seoul,Sin Ansan Line,Sin Ansan Line,2019,2025,0,44.7,100.00%,44.7,,,15,,,"3,300,000",KRW,2021,0.0012,3960.00,88.6,1.181787652,"4,679.9",104.7,,https://www.yna.co.kr/view/AKR20190822028500003,,,,
KR,Seoul,Line 5 Hanam Line,Line 5 Hanam Line,2014,2020,0,7.7,100.00%,7.7,,,5,160,,"981,000",KRW,2017,0.001,981.00,127.4,1.306417265,"1,281.6",166.4,,https://www.mk.co.kr/news/society/view/2021/03/266810/,,,,
KR,Seoul,Line 7,Line 7 Extension 2,2022,,0,10.7,,,,,7,160,,"1,573,900",KRW,2021,0.0012,1888.68,176.5,1.181787652,"2,232.0",208.6,,http://www.incheonin.com/news/articleView.html?idxno=86255,,,,
KR,Seoul,Line 9,Line 9 Phase 4,2021,2028,0,4.1,100.00%,4.1,,,4,160,,"640,800",KRW,2021,0.0012,768.96,187.6,1.181787652,908.7,221.6,,http://www.redaily.co.kr/news/articleView.html?idxno=571,,,,
CN,Shaoxing,Line 1,Line 1,2016,2021,0,31.3,100%,31.3,,,23,117,,"23,873.00",CNY,2019,0.2380,5681.77,181.5,1.252572783,"7,116.8",227.4,,http://www.rail-transit.com/project/show.php?itemid=179,,,,
CN,Shaoxing,Line 2,Line 2,2022,,0,10.8,100%,10.8,,,9,117,,"10,130.00",CNY,2021,0.2390,2421.07,224.2,1.181787652,"2,861.2",264.9,,http://www.rail-transit.com/project/show.php?itemid=194,,,,
CN,Shenyang,Line 4,Line 4 Phase 1,,2022,0,34.2,100%,34.2,,,23,117,,"16,632.00",CNY,2021,0.2390,3975.05,116.2,1.181787652,"4,697.7",137.4,,http://www.rail-transit.com/project/show.php?itemid=216,https://sy.leju.com/news/2021-10-25/16496858323734529623540.shtml,,,
CN,Shijiazhuang,Line 1,Line 1 Phase 2,2012,2021,0,12.7,100%,12.7,,,7,138,,"7,731.00",CNY,2016,0.251,1940.48,152.8,1.334248584,"2,589.1",203.9,,http://www.rail-transit.com/project/show.php?itemid=196,https://www.ndrc.gov.cn/fggz/zcssfz/zcgh/201601/W020190910670584360634.pdf,,,
CN,Shijiazhuang,Line 3,Line 3 Phase 2,2012,2021,0,8.1,100%,8.1,,,5,138,,"5,465.00",CNY,2016,0.251,1371.72,169.3,1.334248584,"1,830.2",226.0,,http://www.rail-transit.com/project/show.php?itemid=226,https://www.ndrc.gov.cn/fggz/zcssfz/zcgh/201601/W020190910670584360634.pdf,,,
CN,Shijiazhuang,First,First,2012,2020,0,59.6,100%,59.6,,,52,138,,"42,190.00",CNY,2016,0.251,10589.69,177.7,1.334248584,"14,129.3",237.1,,http://www.gov.cn/jrzg/2012-09/28/content_2235330.htm,,,,
CN,Taiyuan,Jinzhong-Taiyuan Intercity,Jinzhong-Taiyuan Intercity,2019,,0,19.86,5%,0.991,,,12,78,,"8,703.00",CNY,2019,0.2380,2071.31,104.3,1.252572783,"2,594.5",130.6,,http://www.rail-transit.com/project/show.php?itemid=120,,,,
CN,Taiyuan,Line 3,Line 3,2018,,0,30.523,100%,30.523,,,25,138,,"24,300.00",CNY,2018,0.237,5759.10,188.7,1.275269108,"7,344.4",240.6,,http://www.rail-transit.com/project/show.php?itemid=260,,,,
CN,Taizhou,Line S2,Line S2 South Segment,2021,,0,6,0%,0,,,1,92,,"1,879.00",CNY,2021,0.2390,449.08,74.8,1.181787652,530.7,88.5,,http://www.rail-transit.com/project/show.php?itemid=711,,,,
CN,Taizhou,Line S2,Line S2 West Segment,2021,,0,11.75,0%,0,,,3,92,,"3,996.00",CNY,2021,0.2390,955.04,81.3,1.181787652,"1,128.7",96.1,,http://www.rail-transit.com/project/show.php?itemid=711,,,,
CN,Taizhou,Line S2,Line S2,2021,,0,66.3,28%,18.65,,,22,92,,"30,800.00",CNY,2021,0.2390,7361.20,111.0,1.181787652,"8,699.4",131.2,,http://www.zjtz.gov.cn/art/2021/8/25/art_1229049733_59046724.html,,,,
CN,Taizhou,Line S1,Line S1,2022,,1,52.4,34%,17.8,,,15,92,,"21,237.00",CNY,2021,0.2390,5075.64,96.9,1.181787652,"5,998.3",114.5,,https://www.cpppc.org/zhejiang/1001654.jhtml,http://www.rail-transit.com/project/show.php?itemid=251,,,
CN,Xuzhou,"First Phase Program (Lines 1, 2 and 3)","First Phase Program (Lines 1, 2 and 3)",2013,2020,0,67,90%,60.6,,,,117,Media,"44,328.00",CNY,2017,0.239,10594.39,158.1,1.306417265,"13,840.7",206.6,Media,http://www.ciecc.com.cn/art/2013/3/8/art_1599_30934.html,https://new.qq.com/omn/20190117/20190117A1GO47.html,,,
CN,Xuzhou,Line 1,Line 1,2014,2019,0,21.967,96%,20.996,,,18,117,Media,"16,278.00",CNY,2017,0.239,3890.44,177.1,1.306417265,"5,082.5",231.4,Trade,http://www.rail-transit.com/project/show.php?itemid=295,https://jiaotongbk.com/n6/201691.html,,,
CN,Xuzhou,Line 2,Line 2,2020,,0,24.15,100%,24.15,,,20,117,Trade,"16,957.00",CNY,2020,0.2390,4052.72,167.8,1.237308306,"5,014.5",207.6,Trade,http://www.rail-transit.com/project/show.php?itemid=264,,,,
CN,Xuzhou,Line 3,Line 3,2021,,0,18.3,100%,18.3,,,16,117,Trade,"13,526.00",CNY,2021,0.2390,3232.71,176.7,1.181787652,"3,820.4",208.8,Trade,http://www.rail-transit.com/project/show.php?itemid=243,,,,
CN,Zhengzhou,Line 2,Line 2 Phase 1,2010,2016,0,18.27,100%,18.27,,,16,117,Media,"10,408.00",CNY,2013,0.273,2841.38,155.5,1.374627077,"3,905.8",213.8,Media,http://news.sina.com.cn/o/2010-12-29/033421723553.shtml,,,,
CN,Zhengzhou,Line 1,Line 1 Phase 1,2009,2013,0,25.2,100%,25.2,,,20,117,Media,"14,335.50",CNY,2011,0.284,4071.28,161.6,1.423625961,"5,796.0",230.0,Media,http://news.cctv.com/society/20090323/106184.shtml,,,,
CN,Zhengzhou,Zhengxu Regional,Zhengxu Regional Rail (Xucheng Section),,2022,1,33.78,12%,4.016,,,11,117,Trade,"9,879.00",CNY,2021,0.2390,2361.08,69.9,1.181787652,"2,790.3",82.6,Trade,http://www.rail-transit.com/project/show.php?itemid=143,,,,
CN,Zhengzhou,Zhengxu Regional,Zhengxu Regional Rail (Zhengzhou Section),2020,,1,31.27,90%,28.18,,,15,117,Media,"17,867.00",CNY,2020,0.2390,4270.21,136.6,1.237308306,"5,283.6",169.0,Trade,http://www.rail-transit.com/project/show.php?itemid=141,https://www.163.com/dy/article/GDQSS29P0530L2T3.html,,,
CN,Zhengzhou,Line 3,Line 3 Phase 1,2017,2020,0,25.487,100%,25.487,,,21,138,Trade,"20,608.00",CNY,2019,0.2380,4904.70,192.4,1.252572783,"6,143.5",241.0,Trade,http://www.rail-transit.com/project/show.php?itemid=192,,,,
CN,Beijing,Yanfang Branch,Yanfang Branch,2020,,0,6.015,0%,0,,,3,117,,"4,500.00",CNY,2020,0.2390,1075.50,178.8,1.237308306,"1,330.7",221.2,,http://www.rail-transit.com/project/show.php?itemid=525,,,,
CN,Beijing,Line 6,Line 6 Phase 2,2011,2014,0,12.4,100%,12.4,,,8,156,,"6,000.00",CNY,2013,0.273,1638.00,132.1,1.374627077,"2,251.6",181.6,,http://politics.people.com.cn/n/2014/1105/c70731-25980932.html,,,,
CN,Beijing,Line 9,Line 9,2007,2012,0,16.5,100%,16.5,,,13,117,,"12,900.00",CNY,2010,0.3,3870.00,234.5,1.468563121,"5,683.3",344.4,,http://zqb.cyol.com/html/2012-12/31/nw.D110000zgqnb_20121231_3-06.htm,,,,
CN,Beijing,Line M101,Line M101,2022,2027,0,19,100%,19,,,14,138,,"18,753.93",CNY,2021,0.2390,4482.19,235.9,1.181787652,"5,297.0",278.8,,https://web.archive.org/web/20220515142603/https://www.rails.cn/download/2022/20220418_%E9%99%84%E4%BB%B61%EF%BC%9A%E5%8C%97%E4%BA%AC%E8%BD%A8%E9%81%93%E4%BA%A4%E9%80%9AM101%E7%BA%BF%E4%B8%80%E6%9C%9F%E5%B7%A5%E7%A8%8B%E7%8E%AF%E5%A2%83%E5%BD%B1%E5%93%8D%E6%8A%A5%E5%91%8A%E4%B9%A6%EF%BC%88%E5%BE%81%E6%B1%82%E6%84%8F%E8%A7%81%E7%A8%BF%EF%BC%89.pdf,,,,
CN,Changchun,New Beihu Line,New Beihu Line,2010,2019,0,13.4,0%,0,,,13,55,,"4,210.00",CNY,2015,0.258,1086.18,81.1,1.351080302,"1,467.5",109.5,,https://zfxxgk.ndrc.gov.cn/web/iteminfo.jsp?id=320,,,,
CN,Changchun,Line 2,Line 2 Western Extension,2015,2019,0,5.3,100%,5.3,,,3,117,,"3,350.00",CNY,2017,0.239,800.65,151.1,1.306417265,"1,046.0",197.4,,https://zfxxgk.ndrc.gov.cn/web/iteminfo.jsp?id=320,,,,
CN,Changchun,Line 2,Line 2,,2020,0,22.8,100%,22.8,,,19,117,,"15,400.00",CNY,2020,0.239,3680.60,161.4,1.237308306,"4,554.0",199.7,,http://www.rail-transit.com/project/show.php?itemid=231,,,,
CN,Changchun,Line 1,Line 1 South Extension,2010,2019,0,8,100%,8,,,6,117,,"5,520.00",CNY,2015,0.258,1424.16,178.0,1.351080302,"1,924.2",240.5,,https://zfxxgk.ndrc.gov.cn/web/iteminfo.jsp?id=320,,,,
CN,Changsha,First,First,2008,2015,0,45.92,97%,44.61,,,32,117,,"22,171.00",CNY,2012,0.281,6230.05,135.7,1.394762058,"8,689.4",189.2,,http://www.chinanews.com/gn/news/2009/02-11/1558424.shtml,,,,
CN,Changsha,Line 2,Line 2 Phase 2,2011,2015,0,21.926,100%,21.926,,,19,117,,"11,900.00",CNY,2013,0.273,3248.70,148.2,1.374627077,"4,465.8",203.7,,http://www.hncsmtr.com/jsdt/gcgk/2033/14944654790008899_1.html,https://www.sohu.com/a/237588900_683466,,,
CN,Changsha,Line 2 West Extension,Line 2 West Extension Phase 2,2021,2025,0,13.99,98%,13.78,,,11,117,,"12,342.00",CNY,2021,0.2390,2949.74,210.8,1.181787652,"3,486.0",249.2,,http://www.rail-transit.com/project/show.php?itemid=501,,,,
CN,Chengdu,Line S3,Line S3,2021,,1,38.7,27%,10.42,,,7,184,,"12,903.00",CNY,2021,0.2390,3083.82,79.7,1.181787652,"3,644.4",94.2,,http://www.rail-transit.com/project/show.php?itemid=540,,,,
CN,Chengdu,Line S5,Line S5,2022,,1,59,17%,9.85,,,13,184,,"22,600.00",CNY,2021,0.2390,5401.40,91.5,1.181787652,"6,383.3",108.2,,https://www.163.com/dy/article/HFCE3KEU05149A02.html,https://www.12369zb.com/view/482/MUlxBX4B4pnqPFb2iCfa.html,,,
CN,Chengdu,Line 10,Line 10 Phase 1,2013,2020,0,10.9,100%,10.9,,,5,138,,"5,520.00",CNY,2017,0.239,1319.28,121.0,1.306417265,"1,723.5",158.1,,https://www.ndrc.gov.cn/fggz/zcssfz/zdgc/201505/t20150518_1146000.html,,,,
CN,Chengdu,Line 4,Line 4 Phase 2,2013,2020,0,21.3,100%,21.3,,,13,117,,"10,220.00",CNY,2017,0.239,2442.58,114.7,1.306417265,"3,191.0",149.8,,https://www.ndrc.gov.cn/fggz/zcssfz/zdgc/201505/t20150518_1146000.html,,,,
CN,Chengdu,Line 18,Line 18 Phase 1 and 2,2016,2019,0,58.6,65%,37.9,,,13,184,,"34,700.00",CNY,2018,0.237,8223.90,140.3,1.275269108,"10,487.7",179.0,,http://www.rail-transit.com/project/show.php?itemid=291,,,,
CN,Chengdu,Line 5,Line 5 Phase 1 and 2 (redesign),2015,2020,0,49,68%,33.2,,,39,184,,"32,480.00",CNY,2018,0.237,7697.76,157.1,1.275269108,"9,816.7",200.3,,https://www.ndrc.gov.cn/fggz/zcssfz/zdgc/201505/t20150518_1146000.html,,,,
CN,Chengdu,Line 17,Line 17 Phase 1,2021,,0,26.14,79%,20.64,,,9,184,,"17,151.00",CNY,2021,0.2390,4099.09,156.8,1.181787652,"4,844.3",185.3,,http://www.rail-transit.com/project/show.php?itemid=76,https://www.163.com/dy/article/DPVGIOAD0514MG5I.html,,,
CN,Chengdu,Line 3,Line 3 Phase 2,2013,2020,0,15,60%,9,,,9,117,,"7,030.00",CNY,2017,0.239,1680.17,112.0,1.306417265,"2,195.0",146.3,,https://www.ndrc.gov.cn/fggz/zcssfz/zdgc/201505/t20150518_1146000.html,,,,
CN,Chengdu,Line 3,Line 3 Phase 3 (redesign),2015,,0,12.6,57%,7.2,,,9,117,,"6,240.00",CNY,2015,0.258,1609.92,127.8,1.351080302,"2,175.1",172.6,,https://www.ndrc.gov.cn/fggz/zcssfz/zdgc/201505/t20150518_1146000.html,,,,
CN,Chengdu,Line 7,Line 7,2013,2020,0,38.6,100%,38.6,,,31,138,,"27,010.00",CNY,2017,0.239,6455.39,167.2,1.306417265,"8,433.4",218.5,,https://www.ndrc.gov.cn/fggz/zcssfz/zdgc/201505/t20150518_1146000.html,,,,
CN,Chengdu,Line 1,Line 1 Phase 3,2013,2020,0,13,43%,5.6,,,10,117,,"5,820.00",CNY,2017,0.239,1390.98,107.0,1.306417265,"1,817.2",139.8,,https://www.ndrc.gov.cn/fggz/zcssfz/zdgc/201505/t20150518_1146000.html,,,,
CN,Chongqing,Bishan-Tongliang Line,Bishan-Tongliang Line,2020,,0,37.353,28%,10.386,,,9,92,,"8,642.00",CNY,2020,0.2390,2065.44,55.3,1.237308306,"2,555.6",68.4,,http://www.rail-transit.com/project/show.php?itemid=412,https://www.sohu.com/a/392594635_120388781,http://www.rail-transit.com/shiping/show.php?itemid=869,,
CN,Chongqing,Jiangjin Line,Jiangjin Line South Extension,2018,,0,4.6,,,,,2,117,,"3,500.00",CNY,2018,0.237,829.50,180.3,1.275269108,"1,057.8",230.0,,http://ghzrzyj.cq.gov.cn/zwxx_186/mtgz/202208/t20220803_10975207.html,,,,
CN,Chongqing,Jiangjin Line,Jiangjin Line,2020,,0,28.22,21%,5.8,,,7,117,,"6,892.00",CNY,2020,0.2390,1647.19,58.4,1.237308306,"2,038.1",72.2,,http://www.rail-transit.com/project/show.php?itemid=399,http://m.xinhuanet.com/cq/2019-01/27/c_1124047880.htm,,,
CN,Chongqing,Line 17,Line 17 (redesign) Phase 1,2022,2026,0,14.18,100%,14.18,,,9,117,,"12,256.96",CNY,2024,0.2390,2929.41,206.6,1.020848675,"2,990.5",210.9,,http://www.rail-transit.com/project/show.php?itemid=519,,,,
CN,Chongqing,Line 18,Line 18 Phase 2,2020,2025,0,10.61,100%,10.61,,,8,117,,"9,966.00",CNY,2023,0.2390,2381.87,224.5,1.050957985,"2,503.2",235.9,,http://fzggw.cq.gov.cn/zwgk/zfxxgkml/sphzbaxx/202009/t20200930_7937966_wap.html,,,,
CN,Chongqing,Line 6,Line 6 East,2022,,0,6.7,,,,,3,117,,"4,469.00",CNY,2021,0.2390,1068.09,159.4,1.181787652,"1,262.3",188.4,,https://www.sohu.com/a/516618507_120388781,,,,
CN,Chongqing,Line 27,Line 27,2021,2027,1,51.789,98%,50.529,,,14,138,,"34,587.00",CNY,2021,0.2390,8266.29,159.6,1.181787652,"9,769.0",188.6,,http://www.rail-transit.com/project/show.php?itemid=457,http://fzggw.cq.gov.cn/zwgk/zfxxgkml/sphzbaxx/202011/t20201103_8406228_wap.html,,,
CN,Chongqing,Line 15,Line 15 Phase 2,2021,,1,32.8,93%,30.5,,,11,138,,"22,659.00",CNY,2021,0.2390,5415.50,165.1,1.181787652,"6,400.0",195.1,,http://www.rail-transit.com/project/show.php?itemid=693,,,,
CN,Chongqing,Line 15,Line 15 Phase 1,2021,2027,1,38.73,92%,35.463,,,14,138,,"27,398.00",CNY,2021,0.2390,6548.12,169.1,1.181787652,"7,738.5",199.8,,http://www.rail-transit.com/project/show.php?itemid=456,http://www.rail-transit.com/shiping/show.php?itemid=958,,,
CN,Chongqing,Line 24,Line 24 Phase 1,2021,,0,18.9,100%,18.9,,,12,117,,"15,364.00",CNY,2021,0.2390,3672.00,194.3,1.181787652,"4,339.5",229.6,,http://www.rail-transit.com/project/show.php?itemid=521,,,,
CN,Chongqing,Line 1,Line 1 Phase 2,2007,,0,15.5,,,,,9,117,,"5,014.00",CNY,2007,0.333,1669.66,107.7,1.544448303,"2,578.7",166.4,,http://news.sohu.com/20070609/n250475902.shtml,,,,
CN,Chongqing,Line 1,Line 1 Phase 1,2007,,0,16.5,,,,,14,117,,"7,500.00",CNY,2007,0.333,2497.50,151.4,1.544448303,"3,857.3",233.8,,http://news.sohu.com/20070609/n250475902.shtml,,,,
CN,Chongqing,Line 3,Line 3,2007,,0,39.1,,,,,29,120,,"13,800.00",CNY,2007,0.333,4595.40,117.5,1.544448303,"7,097.4",181.5,,http://www.gov.cn/jrzg/2011-09/29/content_1959823.htm,,,,
CN,Chongqing,Line 2,Line 2,2000,,0,19.15,,,,,18,120,,"4,300.00",CNY,2000,0.367,1578.10,82.4,1.859634146,"2,934.7",153.2,,http://news.sina.com.cn/o/2005-06-15/11406180055s.shtml,https://m.sohu.com/n/384104755/,,,
CN,Chongqing,Line 4,Line 4 West extension,2021,2026,0,10.9,100%,10.9,,,9,117,,"10,603.00",CNY,2021,0.2390,2534.12,232.5,1.181787652,"2,994.8",274.8,,http://www.rail-transit.com/project/show.php?itemid=517,http://fzggw.cq.gov.cn/zwgk/zfxxgkml/sphzbaxx/202010/t20201010_7947213_wap.html,,,
CN,Fuzhou,Line 6,Line 6 East Extension,2020,,0,5.29,100%,5.29,,,6,117,,"4,083.00",CNY,2020,0.2390,975.84,184.5,1.237308306,"1,207.4",228.2,,https://xm.leju.com/news/2020-07-10/14296687241366554352613.shtml,http://fgw.fuzhou.gov.cn/zz/fgwzwgk/tzgg/201804/t20180428_2189534.htm,,,
CN,Guangzhou,Line 14,Line 14 Phase 1,2012,2018,0,54.4,40%,21.9,,,13,117,,"18,913.00",CNY,2015,0.258,4879.55,89.7,1.351080302,"6,592.7",121.2,,https://www.ndrc.gov.cn/fggz/zcssfz/zdgc/201209/t20120905_1145857.html,https://m.21jingji.com/article/20201209/herald/7d218ef3f8835e2e9df093c805e45652.html,,,
CN,Guangzhou,Line 14,Line 14 Branch,2012,2018,0,21.6,92%,19.9,,,5,117,,"7,802.00",CNY,2015,0.258,2012.92,93.2,1.351080302,"2,719.6",125.9,,https://www.ndrc.gov.cn/fggz/zcssfz/zdgc/201209/t20120905_1145857.html,http://district.ce.cn/newarea/roll/201503/17/t20150317_4847921.shtml,,,
CN,Guangzhou,Line 4,Line 4 South Extension,2012,2018,0,12.5,96%,12.01,,,6,68,,"7,849.42",CNY,2015,0.258,2025.15,162.0,1.351080302,"2,736.1",218.9,,http://mee.gov.cn/ywgz/hjyxpj/jsxmhjyxpj/xmslqk/201605/W020160522150689146882.pdf,,,,
CN,Guangzhou,Line 21,Line 21,2012,2018,0,61.6,69%,42.5,,,14,117,,"29,133.00",CNY,2015,0.258,7516.31,122.0,1.351080302,"10,155.1",164.9,,https://www.ndrc.gov.cn/fggz/zcssfz/zdgc/201209/t20120905_1145857.html,https://www.sohu.com/a/351491006_124706,,,
CN,Guangzhou,Line 3,Line 3 Phase 1,2000,,0,35.86,100%,35.86,,,18,117,,"15,300.00",CNY,2000,0.367,5615.10,156.6,1.859634146,"10,442.0",291.2,,http://drc.gd.gov.cn/zdxm5665/content/post_851139.html,,,,
CN,Guangzhou,Line 6,Line 6 Phase 1,2006,,0,24.3,87%,21.2,,,22,68,,"11,529.00",CNY,2006,0.349,4023.62,165.6,1.5884375,"6,391.3",263.0,,http://news.sina.com.cn/c/2007-09-06/013313825648.shtml,,,,
CN,Guangzhou,Line 6,Line 6 Phase 3,2009,,0,17.6,100%,17.6,,,,102,,"7,156.00",CNY,2009,0.317,2268.45,128.9,1.492651617,"3,386.0",192.4,,http://drc.gd.gov.cn/zdxm5665/content/post_851371.html,,,,
CN,Guangzhou,Line 9,Line 9,2009,,0,18.3,100%,18.3,,,,117,,"7,750.00",CNY,2009,0.317,2456.75,134.2,1.492651617,"3,667.1",200.4,,http://drc.gd.gov.cn/zdxm5665/content/post_851371.html,,,,
CN,Guangzhou,Line 7,Line 7,2012,,0,17.6,100%,17.6,,,,117,,"9,230.00",CNY,2012,0.281,2593.63,147.4,1.394762058,"3,617.5",205.5,,http://www.gz.gov.cn/zwgk/zdxm/2012n/content/post_2847743.html,,,,
CN,Guangzhou,Line 2 and 8,Line 2 and 8 Extension,2007,,0,28.55,,,,,22,138,,"14,729.00",CNY,2007,0.333,4904.76,171.8,1.544448303,"7,575.1",265.3,,https://www.ndrc.gov.cn/fzggw/jgsj/tzs/sjdt/200706/t20070622_1192155.html,,,,
CN,Guangzhou,Line 8,Line 8 Eastern Extension,2021,,0,18,100%,18,,,7,138,,"16,576.00",CNY,2021,0.2390,3961.66,220.1,1.181787652,"4,681.8",260.1,,https://new.qq.com/omn/20210623/20210623A096ZY00.html,https://news.dayoo.com/guangzhou/202011/02/139995_53631830.htm,,,
CN,Guangzhou,Line 18,Line 18 North,2021,,1,41.1,100%,41.1,,,10,184,,"38,130.00",CNY,2021,0.2390,9113.07,221.7,1.181787652,"10,769.7",262.0,,http://www.rail-transit.com/project/show.php?itemid=619,,,,
CN,Guangzhou,Line 11,Line 11,2019,,0,44.2,100%,44.2,,,32,184,,"45,521.00",CNY,2019,0.2380,10834.00,245.1,1.252572783,"13,570.4",307.0,,http://www.rail-transit.com/project/show.php?itemid=87,,,,
CN,Guangzhou,Line 18,Nansha-Zhuhai (Zhongshan) intercity or Line 18,2020,,1,79,100%,79,,,,184,,"48,600.00",CNY,2020,0.2390,11615.40,147.0,1.237308306,"14,371.8",181.9,,http://gd.people.com.cn/n2/2020/0805/c123932-34206133.html,,,,
CN,Guangzhou,Line 22,Line 22 Northern Extension,2020,,1,39,100%,39,,,,184,,"32,500.00",CNY,2020,0.2390,7767.50,199.2,1.237308306,"9,610.8",246.4,,http://gd.people.com.cn/n2/2020/0805/c123932-34206133.html,,,,
CN,Guangzhou,Line 28,Line 28,2020,,1,107,100%,107,,,,184,,"95,300.00",CNY,2020,0.2390,22776.70,212.9,1.237308306,"28,181.8",263.4,,http://gd.people.com.cn/n2/2020/0805/c123932-34206133.html,,,,
CN,Guiyang,Line 2,Line 2 Phase 1,,2021,0,27.6,100%,27.6,,,24,117,,"19,459.00",CNY,2021,0.2390,4650.70,168.5,1.181787652,"5,496.1",199.1,,http://www.rail-transit.com/project/show.php?itemid=294,,,,
CN,Hangzhou,Hangzhou-Haining Line,Hangzhou-Haining Line,,2021,0,48.18,31%,14.81,,,12,78,,"13,611.00",CNY,2021,0.2390,3253.03,67.5,1.181787652,"3,844.4",79.8,,http://www.rail-transit.com/project/show.php?itemid=249,,,,
CN,Hangzhou,Hanglin LIne,Hanglin Line (Hangzhou Section),2016,2020,0,14.26,30%,4.32,,,6,78,,"4,590.00",CNY,2018,0.237,1087.83,76.3,1.275269108,"1,387.3",97.3,,http://www.rail-transit.com/project/show.php?itemid=89,,,,
CN,Hangzhou,Hanglin LIne,Hanglin Line (Lin'an Section),2016,2020,0,20.72,42%,8.64,,,6,78,,"6,740.00",CNY,2018,0.237,1597.38,77.1,1.275269108,"2,037.1",98.3,,http://www.rail-transit.com/project/show.php?itemid=89,,,,
CN,Hangzhou,Line 2,Line 2 Phase 1 Xiaoshan section,2008,,0,18.2,100%,18.2,,,13,117,,"10,500.00",CNY,2008,0.315,3307.50,181.7,1.487341096,"4,919.4",270.3,,http://zzhz.zjol.com.cn/05zzhz/system/2008/09/29/009985997.shtml,,,,
CN,Hangzhou,K1 Airport Line,K1 Airport Line,2019,2022,0,59.1316,79%,46.5,,,15,138,,"43,206.00",CNY,2021,0.2390,10326.23,174.6,1.181787652,"12,203.4",206.4,,http://www.rail-transit.com/project/show.php?itemid=116,,,,
CN,Hangzhou,Line 3,Line 3 North Extension,2020,2022,0,4.7,100%,4.7,,,4,117,,"10,870.00",CNY,2020,0.2390,2597.93,552.8,1.237308306,"3,214.4",683.9,,http://www.rail-transit.com/project/show.php?itemid=351,,,,
CN,Hangzhou,Hangfu Line,Hangfu Line,,2021,0,23.508,100%,23.508,,,11,117,,"13,298.00",CNY,2021,0.2390,3178.22,135.2,1.181787652,"3,756.0",159.8,,http://www.rail-transit.com/project/show.php?itemid=286,,,,
CN,Hangzhou,Line 10,Line 10 Phase 2,2022,,0,13.33,100%,13.33,,,10,138,,"10,508.00",CNY,2021,0.2390,2511.41,188.4,1.181787652,"2,968.0",222.7,,http://www.rail-transit.com/project/show.php?itemid=359,,,,
CN,Hangzhou,Line 5,Line 5 Phase 2 West,2020,,0,4.95,100%,4.95,,,2,117,,"3,038.00",CNY,2020,0.2390,726.08,146.7,1.237308306,898.4,181.5,,http://www.rail-transit.com/project/show.php?itemid=270,,,,
CN,Hangzhou,Line 2,Line 2 Phase 1 (redesign),2017,,0,30.5,100%,30.5,,,24,117,,"17,783.00",CNY,2017,0.239,4250.14,139.3,1.306417265,"5,552.5",182.0,,https://fzggw.zj.gov.cn/art/2017/7/6/art_1599553_30290528.html,,,,
CN,Hangzhou,Line 2,Line 2 Phase 2,2014,,0,11.281,100%,11.281,,,9,117,,"7,900.00",CNY,2014,0.266,2101.40,186.3,1.352684002,"2,842.5",252.0,,http://zj.cnr.cn/hzbb/20141013/t20141013_516587545.shtml,http://117.149.20.102/zjgcjy/InfoDetail/?InfoID=8a06b8de-a13d-4102-9c58-df3858d9e226&CategoryNum=004001001,,,
CN,Hangzhou,Line 6,Line 6 Phase 1,,2021,0,26.955,100%,26.955,,,19,117,,"17,830.00",CNY,2021,0.2390,4261.37,158.1,1.181787652,"5,036.0",186.8,,http://www.rail-transit.com/project/show.php?itemid=301,,,,
CN,Hangzhou,Line 5,Line 5 Phase 1,2014,2020,0,51.6,100%,51.6,,,36,117,,"36,064.00",CNY,2017,0.239,8619.30,167.0,1.306417265,"11,260.4",218.2,,http://www.rail-transit.com/project/show.php?itemid=313,,,,
CN,Hangzhou,Line 4,Line 4 Phase 1,2013,,0,20.8,100%,20.8,,,18,117,,"14,350.00",CNY,2013,0.273,3917.55,188.3,1.374627077,"5,385.2",258.9,,https://www.cssglw.com/news/635201059257656250.html,,,,
CN,Hefei,Line 6,Line 6 East Extension,2021,,0,10,100%,10,,,4,117,,"6,887.00",CNY,2020,0.2390,1645.99,164.6,1.237308306,"2,036.6",203.7,Media,http://www.rail-transit.com/project/show.php?itemid=713,,,,
CN,Hefei,Hefei-Lu'an Regional Express Line,Hefei-Lu'an Regional Express Line,2018,,0,63.1,19%,11.94,,,19,117,,"22,190.00",CNY,2020,0.2390,5303.41,84.0,1.237308306,"6,562.0",104.0,Trade,http://www.rail-transit.com/project/show.php?itemid=66,,,,
CN,Hefei,Line 1,Line 1 South,2019,,0,4.54,100%,4.54,,,3,117,,"4,257.00",CNY,2019,0.2380,1013.17,223.2,1.252572783,"1,269.1",279.5,,http://www.rail-transit.com/project/show.php?itemid=307,,,,
CN,Hefei,Line 2,Line 2 Western Extension,2021,,0,12.7,100%,12.7,,,8,117,,"8,965.00",CNY,2021,0.2390,2142.64,168.7,1.181787652,"2,532.1",199.4,,http://www.rail-transit.com/project/show.php?itemid=706,,,,
CN,Kunming,Line 3,Line 3 Phase 1,2017,,0,19.5,,,,,,117,,"13,057.00",CNY,2017,0.239,3120.62,160.0,1.306417265,"4,076.8",209.1,,https://www.kankanyn.com/jianwen/34919.html,,,,
CN,Lanzhou,Line 4,Line 4 Phase 1,2019,,0,26.8,60%,16,,,11,,,"17,062.00",CNY,2019,0.2380,4060.76,151.5,1.252572783,"5,086.4",189.8,,http://www.rail-transit.com/project/show.php?itemid=167,,,,
CN,Nanjing,Line S2 Nanjing-Ma'anshan,Line S2 Nanjing-Ma'anshan Regional Rail (Anhui section),2021,,1,27.49,0%,0,,,8,117,,"6,337.00",CNY,2021,0.2390,1514.54,55.1,1.181787652,"1,789.9",65.1,,http://www.rail-transit.com/project/show.php?itemid=605,,,,
CN,Nanjing,Line S8,Line S8 Phase 2,2022,,0,24,,,,,8,78,,"6,830.00",CNY,2021,0.2390,1632.37,68.0,1.181787652,"1,929.1",80.4,,https://m.jiemian.com/article/2611638.html,,,,
CN,Nanjing,Line S8,Line S8 Phase 2,2012,2014,0,45.2,27%,12.2,,,17,78,,"14,379.00",CNY,2021,0.2390,3436.58,76.0,1.181787652,"4,061.3",89.9,,https://news.sina.com.tw/article/20140812/13098521.html,https://kmcha.com/similar/%E5%AF%A7%E5%A4%A9%E5%9F%8E%E9%9A%9B%E8%BB%8C%E9%81%93,,,
CN,Nanjing,Line S4 Nanjing-Chuzhou,Line S4 Nanjing-Chuzhou Phase 1 (Chuzhou Section),2018,2022,0,32.95,0%,0,,,6,92,,"9,399.67",CNY,2013,0.273,2566.11,77.9,1.374627077,"3,527.4",107.1,,http://www.rail-transit.com/project/show.php?itemid=347,http://www.xhby.net/nj/yw/202107/t20210707_7149440.shtml,,,
CN,Nanjing,Line S4 Nanjing-Chuzhou,Line S4 Nanjing-Chuzhou Phase 2 (Chuzhou Section),2022,,0,13.28,,,,,6,92,,"4,420.00",CNY,2021,0.2390,1056.38,79.5,1.181787652,"1,248.4",94.0,,http://www.rail-transit.com/project/show.php?itemid=435,http://www.xhby.net/nj/yw/202107/t20210707_7149440.shtml,,,
CN,Nanjing,Line S4 Nanjing-Chuzhou,Line S4 Nanjing-Chuzhou Phase 2 (Nanjing Section),2021,,0,5.671,46%,2.63,,,2,92,,"3,435.00",CNY,2021,0.2390,820.97,144.8,1.181787652,970.2,171.1,,http://www.rail-transit.com/project/show.php?itemid=610,http://www.xhby.net/nj/yw/202107/t20210707_7149440.shtml,,,
CN,Nanjing,Line S3 Nanjing-He County,Line S3 Nanjing-He County,2021,,0,42.4,,,,,11,117,,"14,980.00",CNY,2021,0.2390,3580.22,84.4,1.181787652,"4,231.1",99.8,,http://www.rail-transit.com/project/show.php?itemid=727,,,,
CN,Nanjing,Line S5 Nanjing-Yangzhou,Line S5 Nanjing-Yangzhou,2021,,0,53.75,57%,30.66,,,16,138,,"26,852.00",CNY,2021,0.2390,6417.63,119.4,1.181787652,"7,584.3",141.1,,http://www.rail-transit.com/project/show.php?itemid=568,http://www.jshbgz.cn/hpgs/202102/t20210207_451424.html,,,
CN,Nanjing,Line S2 Nanjing-Ma'anshan,Line S2 Nanjing-Ma'anshan Regional Rail (Nanjing section),2021,,1,26.5,52%,13.71,,,8,117,,"14,698.00",CNY,2021,0.2390,3512.82,132.6,1.181787652,"4,151.4",156.7,,http://www.rail-transit.com/project/show.php?itemid=647,http://www.zgjssw.gov.cn/shixianchuanzhen/nanjing/202102/t20210209_6976410.shtml,,,
CN,Nanjing,Line 4,Line 4 Phase 1,2004,2015,0,43.9,95%,41.7,,,,117,,"20,070.00",CNY,2010,0.3,6021.00,137.2,1.468563121,"8,842.2",201.4,,https://www.163.com/dy/article/EDJQN1JG0511K4OT.html,https://www.sohu.com/a/237588900_683466,,,
CN,Nanjing,Line 2,Line 2 Phase 1,2005,,0,21.63,88%,19.11,,,18,138,,"10,450.00",CNY,2005,0.352,3678.40,170.1,1.639677419,"6,031.4",278.8,,http://www.gov.cn/jrzg/2005-12/28/content_140207.htm,https://www.chinanews.com.cn/n/2003-01-14/26/263383.html,,,
CN,Nanjing,Line S6,Line S6,2021,,0,26.313,62%,16.26,,,13,117,,"20,799.00",CNY,2021,0.2390,4970.96,188.9,1.181787652,"5,874.6",223.3,,http://www.rail-transit.com/project/show.php?itemid=145,https://news.suning.com/wtoutiao/witem2_5470123473.html,,,
CN,Nanning,Line 1,Line 1 Phase 1,2011,2016,0,32.1,100%,32.1,,,25,117,,"19,800.00",CNY,2014,0.266,5266.80,164.1,1.352684002,"7,124.3",221.9,,https://kknews.cc/society/va42lel.html,,,,
CN,Nanning,Line 2,Line 2 Phase 1,2014,2017,0,21.2,100%,21.2,,,18,117,,"15,540.00",CNY,2016,0.251,3900.54,184.0,1.334248584,"5,204.3",245.5,,http://gx.sina.com.cn/news/gx/2014-01-01/00277609.html?from=gx_cnxh,,,,
CN,Shanghai,Line 12,Line 12 West Extension,2022,,0,17.3,100%,17.3,,,6,184,,"17,630.00",CNY,2021,0.2390,4213.57,243.6,1.181787652,"4,979.5",287.8,,seetao.com/details/179710.html,,,,
CN,Shanghai,Line 18,Line 18,2016,2021,0,36.85,100%,36.85,,,26,138,,"45,937.00",CNY,2019,0.2380,10933.01,296.7,1.252572783,"13,694.4",371.6,,http://www.rail-transit.com/project/show.php?itemid=281,,,,
CN,Shenyang,Line 1 and 2,Line 1 and 2 Phase 1,2005,,0,55.07,100%,55.07,,,43,117,,"24,685.00",CNY,2005,0.352,8689.12,157.8,1.639677419,"14,247.4",258.7,,http://www.symtc.com/content.php?5894,,,,
CN,Shenyang,Line 9,Line 9 Phase 1,2012,2020,0,29.2,100%,29.2,,,23,117,,"17,971.00",CNY,2016,0.251,4510.72,154.5,1.334248584,"6,018.4",206.1,,http://www.symtc.com/content.php?5894,,,,
CN,Shenyang,Line 10,Line 10 Phase 1,2012,2020,0,49.9,100%,49.9,,,37,117,,"29,710.00",CNY,2016,0.251,7457.21,149.4,1.334248584,"9,949.8",199.4,,http://www.symtc.com/content.php?5894,,,,
CN,Shenzhen,Shenhui,Shenhui Dapeng Branch ICR,2021,,1,39.4,100%,39.4,,,6,184,,"23,620.00",CNY,2021,0.2390,5645.18,143.3,1.181787652,"6,671.4",169.3,,http://www.rail-transit.com/project/show.php?itemid=545,,,,
CN,Shenzhen,Guangzhou-Dongguan-Shenzhen Regional Rail,Guangzhou-Dongguan-Shenzhen Regional Rail South Extension,2021,,1,15.15,100%,15.15,,,3,184,,"11,900.00",CNY,2021,0.2390,2844.10,187.7,1.181787652,"3,361.1",221.9,,http://www.rail-transit.com/project/show.php?itemid=541,,,,
CN,Shenzhen,Shenhui,Shenhui Mainline ICR,2021,,1,58.738,100%,58.738,,,11,184,,"51,750.00",CNY,2021,0.2390,12368.25,210.6,1.181787652,"14,616.6",248.8,,http://drc.gd.gov.cn/xmgs/content/post_3719459.html,,,,
CN,Shenzhen,Line 10,Line 10,2015,2020,0,29.54,100%,29.54,,,24,184,,"28,799.00",CNY,2018,0.237,6825.36,231.1,1.275269108,"8,704.2",294.7,,http://www.rail-transit.com/project/show.php?itemid=299,,,,
CN,Shenzhen,Line 3,Line 3 Phase 3 North Ext,2011,2020,0,9.4,0%,0,,,7,117,,"6,800.00",CNY,2016,0.251,1706.80,181.6,1.334248584,"2,277.3",242.3,,https://www.ndrc.gov.cn/fggz/zcssfz/zcgh/201509/W020190910670552487617.pdf,,,,
CN,Shenzhen,Line 3,Line 3 Phase 3 North Ext (Phase 4),2020,2022,0,9.35,79%,7.42,,,7,117,,"10,785.00",CNY,2020,0.2390,2577.62,275.7,1.237308306,"3,189.3",341.1,,https://zfxxgk.ndrc.gov.cn/web/iteminfo.jsp?id=16961,,,,
CN,Shenzhen,Line 5,Line 5 West Extension,2019,,0,2.88,100%,2.88,,,3,138,,"4,050.00",CNY,2019,0.2380,963.90,334.7,1.252572783,"1,207.4",419.2,,http://www.rail-transit.com/project/show.php?itemid=346,,,,
CN,Shenzhen,Phase 1,Phase 1 Expansion (Line 1 and 4),1998,2004,0,21.446,100%,21.446,,,19,138,,"11,500.00",CNY,2001,0.368,4232.00,197.3,1.808181818,"7,652.2",356.8,,https://www.szmc.net/jituagaikuang/tourongziyewu/tourongziqingkuang/,,,,
CN,Suzhou,Line 5,Line 5,2020,,0,44.1,99%,43.6,,,34,117,,"28,308.00",CNY,2020,0.2390,6765.61,153.4,1.237308306,"8,371.1",189.8,,http://www.rail-transit.com/project/show.php?itemid=293,,,,
CN,Suzhou,Line 2,Line 2,2009,2014,0,26.557,70%,18.709,,,22,117,,"15,600.00",CNY,2012,0.281,4383.60,165.1,1.394762058,"6,114.1",230.2,,http://www.tranbbs.com/Advisory/Rail/Advisory_84459.shtml,,,,
CN,Tianjin,Line 13,Line 13 Phase 1,2020,,0,21.2,100%,21.2,,,17,,,"23,800.11",CNY,2020,0.2390,5688.23,268.3,1.237308306,"7,038.1",332.0,,http://www.rail-transit.com/project/show.php?itemid=574,,,,
CN,Wuhan,Line 11,Line 11 Phase 3 Hanchang Section,2019,2024,0,4,100%,4,,,2,184,,"7,989.00",CNY,2021,0.2390,1909.37,477.3,1.181787652,"2,256.5",564.1,,http://www.gov.cn/xinwen/2019-01/06/5355294/files/c3d503decf1d4b6b924324b210ee0f1a.pdf,,,,
CN,Wuhan,Line 11,Line 11 Phase 3 Hanyang Section,2019,2025,0,2.2,100%,2.2,,,2,184,,"3,901.00",CNY,2021,0.2390,932.34,423.8,1.181787652,"1,101.8",500.8,,http://www.gov.cn/xinwen/2019-01/06/5355294/files/c3d503decf1d4b6b924324b210ee0f1a.pdf,,,,
CN,Wuhan,Line 3,Line 3 Phase 1,2012,2015,0,27.9,100%,27.9,,,23,117,,"21,423.00",CNY,2014,0.266,5698.52,204.2,1.352684002,"7,708.3",276.3,,https://m.sohu.com/n/339227064/?v=3,,,,
CN,Wuhu,Line 1,Line 1,,2021,0,30.517,0%,0.1,,,25,90,,"9,100.00",CNY,2021,0.2390,2174.90,71.3,1.181787652,"2,570.3",84.2,,http://www.rail-transit.com/project/show.php?itemid=106,,,,
CN,Wuhu,Line 2,Line 2,,2021,0,14.94,9%,1.3,,,11,90,,"5,533.00",CNY,2021,0.2390,1322.39,88.5,1.181787652,"1,562.8",104.6,,http://www.rail-transit.com/project/show.php?itemid=109,,,,
CN,Wuxi,Line 5,Line 5 Phase 1,2022,,0,25.4,100%,25.4,,,22,117,,"24,369.00",CNY,2021,0.2390,5824.19,229.3,1.181787652,"6,883.0",271.0,,http://www.rail-transit.com/xinwen/show.php?itemid=23315,,,,
CN,Xi'an,Airport Line,Airport Line,2019,,0,29.28,28%,8.14,,,10,117,Trade,"12,694.00",CNY,2019,0.2380,3021.17,103.2,1.252572783,"3,784.2",129.2,Trade,http://www.rail-transit.com/project/show.php?itemid=314,,,,
CN,Xi'an,Line 5,Line 5 Phase 2,2016,2021,0,19.87,16%,3.2,,,13,117,Plan,"9,511.00",CNY,2019,0.2380,2263.62,113.9,1.252572783,"2,835.3",142.7,Trade,http://www.rail-transit.com/project/show.php?itemid=110,https://www.ndrc.gov.cn/xxgk/zcfb/ghwb/201602/t20160218_962174.html,,,
CN,Xi'an,Line 3,Line 3,2012,2016,0,38.4,71%,27.13,,,24,117,Media,"18,030.00",CNY,2014,0.266,4795.98,124.9,1.352684002,"6,487.4",168.9,Media,http://chinawestern.org/xbfz/jcss/3635.html,http://xa.bendibao.com/traffic/2014913/45825.shtm,,,
CN,Xi'an,Line 9,Line 9,2016,2020,0,25.296,100%,25.296,,,15,117,Trade,"13,888.00",CNY,2018,0.237,3291.46,130.1,1.275269108,"4,197.5",165.9,Trade,http://www.rail-transit.com/project/show.php?itemid=244,,,,
CN,Xi'an,Line 6,Line 6 Phase 1 and 2,2016,2022,0,39.8,100%,39.8,,,32,117,,"28,900.00",CNY,2019,0.2380,6878.20,172.8,1.252572783,"8,615.4",216.5,,http://www.rail-transit.com/project/show.php?itemid=276,,,,
CN,Xi'an,Line 4,Line 4,2013,2018,0,33.3,100%,33.3,,,28,117,,"20,327.00",CNY,2016,0.251,5102.08,153.2,1.334248584,"6,807.4",204.4,,https://www.ndrc.gov.cn/fzggw/jgsj/zcs/sjdt/201401/t20140102_1145411.html,,,,
CN,Xi'an,Line 5,Line 5 Phase 1,2014,2020,0,25.7,95%,24.3,,,20,117,,"17,801.00",CNY,2017,0.239,4254.44,165.5,1.306417265,"5,558.1",216.3,,http://www.rail-transit.com/project/show.php?itemid=290,,,,
CN,Xi'an,Line 1,Line 1 Phase 1,,2013,0,25.36,100%,25.36,,,19,117,,"13,490.00",CNY,2013,0.273,3682.77,145.2,1.374627077,"5,062.4",199.6,,http://www.shaanxi.gov.cn/xw/sxyw/201309/t20130915_1497525.html,https://www.sohu.com/a/110615261_160914,,,
CN,Xi'an,Line 1,Line 1 Phase 2,2016,,0,6.1,100%,6.1,,,4,117,,"3,700.00",CNY,2016,0.251,928.70,152.2,1.334248584,"1,239.1",203.1,,http://news.hsw.cn/system/2016/1102/522665.shtml,,,,
CN,Xi'an,Line 2,Line 2 Phase 1,2006,2011,0,26.76,100%,26.76,,,21,117,,"12,963.00",CNY,2009,0.317,4109.27,153.6,1.492651617,"6,133.7",229.2,,https://www.sohu.com/a/110615261_160914,,,,
CN,Xiamen,Quanzhou-Xiamen-Zhangzhou Regional Rail R1,Quanzhou-Xiamen-Zhangzhou Regional Rail R1 (Zhangzhou Section),2020,,0,45.8,,,,,9,,Trade,"21,890.00",CNY,2020,0.2390,5231.71,114.2,1.237308306,"6,473.2",141.3,Trade,http://www.rail-transit.com/project/show.php?itemid=622,,,,
CN,Xiamen,Line 4,Line 4 (Houxi to Xiang'an Airport),2022,,0,44.78,50%,22.48,,,10,117,,"22,978.00",CNY,2021,0.2390,5491.74,122.6,1.181787652,"6,490.1",144.9,,http://www.rail-transit.com/project/show.php?itemid=221,,,,
CN,Xiamen,Quanzhou-Xiamen-Zhangzhou Regional Rail R1,Quanzhou-Xiamen-Zhangzhou Regional Rail R1 (Xiamen Section),2021,,1,51.2,,,,,4,,,"30,320.00",CNY,2021,0.2390,7246.48,141.5,1.181787652,"8,563.8",167.3,,http://www.rail-transit.com/project/show.php?itemid=622,,,,
CN,Xiamen,Line 3,Line 3 Phase 1,2011,2020,0,18.6,,,,,16,117,,"12,360.00",CNY,2016,0.251,3102.36,166.8,1.334248584,"4,139.3",222.5,,https://www.ndrc.gov.cn/fggz/zcssfz/zdgc/201209/t20120905_1145854.html,,,,
CN,Xiamen,Line 2,Line 2 Phase 1,2015,2019,0,25.2,100%,25.2,,,19,117,,"17,620.00",CNY,2017,0.239,4211.18,167.1,1.306417265,"5,501.6",218.3,,https://www.ndrc.gov.cn/fggz/zcssfz/zdgc/201209/t20120905_1145854.html,,,,
CN,Xiamen,Line 1,Line 1 Phase 1,2011,2020,0,31.5,84%,26.36,,,23,117,,"20,390.00",CNY,2016,0.251,5117.89,162.5,1.334248584,"6,828.5",216.8,,https://www.ndrc.gov.cn/fggz/zcssfz/zdgc/201209/t20120905_1145854.html,http://news.sina.com.cn/c/nd/2017-12-27/doc-ifyqchnr6264675.shtml,,,
CN,Xiamen,Line 9,Line 9,2021,,0,44.2,100%,44.2,,,24,117,,"40,537.22",CNY,2021,0.2390,9688.40,219.2,1.181787652,"11,449.6",259.0,,http://www.rail-transit.com/project/show.php?itemid=658,,,,
CN,Xiamen,Quanzhou-Xiamen-Zhangzhou Regional Rail R1,Quanzhou-Xiamen-Zhangzhou Regional Rail R1 (Quanzhou Section),2021,,1,70.2,,,,,11,,,"28,600.00",CNY,2021,0.2390,6835.40,97.4,1.181787652,"8,078.0",115.1,,http://www.rail-transit.com/project/show.php?itemid=622,,,,
CN,Zhengzhou,Line 4,Line 4,2014,2020,0,30.1,100%,30.1,,,24,117,Plan,"19,034.00",CNY,2017,0.239,4549.13,151.1,1.306417265,"5,943.1",197.4,Plan,https://www.ndrc.gov.cn/fggz/zcssfz/zcgh/201409/W020190910670519267920.pdf,,,,
CA,Vancouver,Expo Line,Expo Line Surrey-Langley extension,2022,,0,16,0%,0,,,8,,,"3,940",CAD,2021,0.798,3144.12,196.5,1.181787652,"3,715.7",232.2,Media,https://globalnews.ca/news/8016045/justin-trudeau-federal-funding-skytrain-surrey-langley/,https://bc.ctvnews.ca/federal-government-providing-up-to-1-3-billion-for-surrey-langley-skytrain-extension-1.5502944,,,
DR,Santo Domingo,Line 1,Line 1,2005,2008,0,14.5,66%,9.5,,,16,120,Measured,"25,165",DOP,2006,0.0615,1547.63,106.7,1.5884375,"2,458.3",169.5,Trade,https://sustainabledevelopment.un.org/content/documents/Dominican.pdf,,,,
DR,Santo Domingo,"Line 2a, 2b","Line 2a, 2b",2009,2018,0,16.5,100%,16.5,,,18,120,Measured,"1,096",USD,2012,2.2,2411.72,146.2,1.394762058,"3,363.8",203.9,Media,https://acento.com.do/el-financiero/en-pasados-gobiernos-construir-un-kilometro-del-metro-sd-costaba-us58-millones-ahora-solo-us45-millones-9034221.html,,,,
DE,Nuremberg,U3,U3 extension to Gebersdorf,2020,2026,0,2.1,100%,2.1,,,2,90,Measured,148,EUR,2021,1.3,192.40,91.6,1.181787652,227.4,108.3,Plan,https://www.nuernberg.de/presse/mitteilungen/presse_77790.html,,,,
SG,Singapore,Circle Line,Circle Line Stages 1-5,2002,2012,0,35.5,100%,35.5,,,30,70,Wiki,"8,000",SGD,2007,1.16,9280.00,261.4,1.544448303,"14,332.5",403.7,Media,https://www.sgcarmart.com/news/article.php?AID=21019,,,,
DE,Berlin,U9,Extension to Rathaus Steglitz,1968,1974,0,1.5,100%,1.5,,,2,100,Media,120,DM,1971,0.3836,46.03,30.7,7.906888889,364.0,242.6,Media,http://www.berliner-verkehrsseiten.de/Download/Archiv/U_155_Eroeffnungsschrift_Steglitz_U9.pdf,,,,
DE,Berlin,U7,Extension to Rathaus Spandau,1978,1984,0,4.9,100%,4.9,,,5,100,Media,680,DM,1981,0.5251,357.07,72.9,3.522871287,"1,257.9",256.7,Media,https://www.bz-berlin.de/archiv-artikel/die-u7-wird-25-jahre-alt,,,,
DE,Munich,S-Bahn Stammstrecke,S-Bahn Stammstrecke,1965,1971,1,11.4,36%,4.1,,,5,200,Measured,900,DM,1968,0.3532,317.88,27.9,9.201982759,"2,925.1",256.6,Media,https://www.sueddeutsche.de/muenchen/s-bahn-muenchen-im-eiltempo-zum-tunnel-eine-bahn-fuer-die-olympischen-spiele-1.3444727,,,,
US,Chicago,Orange Line,Orange Line,1987,1993,0,14.4,0%,0,4,10.4,7,120,Measured,500,USD,1990,1,500.00,34.7,2.450107116,"1,225.1",85.1,Trade,https://www.chicago-l.org/history/CTA4.html,,,,
US,Philadelphia,Regional Rail,Center City Commuter Connection,1976,1984,1,2.9,69%,2,,,1,350,Measured,330,USD,1980,1,330.00,113.8,3.886274272,"1,282.5",442.2,Media,https://whyy.org/articles/2712/,,,,
RO,Cluj-Napoca,Line 1,Line 1,2024,2031,0,21,100%,21,,,19,,Media,"13,700",RON,2023,0.584,8000.80,381.0,1.050957985,"8,408.5",400.4,Media,https://www.railwaygazette.com/metros/cluj-napoca-breaks-ground-for-first-metro-line/66744.article,,,,
DE,Frankfurt,U1,Line A1,1963,1968,0,9,50%,4.5,0,4.5,14,,Measured,831,EUR,2023,1.45,1204.56,133.8,1.050957985,"1,265.9",140.7,Media,https://www.zeit.de/1968/43/das-neue-fahrgefuehl,,,,